// Code generated from bitcoin-sv src/chainparams.cpp (pnSeed6_main, pnSeed6_test) at 879fc8b42; DO NOT EDIT.

package protocol

// seedSpec6 is SeedSpec6 (chainparams.h:29): a 16-byte IPv6 (or v4-mapped)
// address and a port. These are the addresses SVNode dials when every DNS seed
// is down (net.cpp:1855-1866, "an infrastructure attack?").
type seedSpec6 struct {
	addr [16]byte
	port uint16
}

var fixedSeedsMain = [...]seedSpec6{
	{addr: [16]byte{0x00, 0x00, 0x00, 0x00, 0x00, 0x00, 0x00, 0x00, 0x00, 0x00, 0xff, 0xff, 0x05, 0x09, 0x1c, 0x0a}, port: 8333},
	{addr: [16]byte{0x00, 0x00, 0x00, 0x00, 0x00, 0x00, 0x00, 0x00, 0x00, 0x00, 0xff, 0xff, 0x05, 0x67, 0x89, 0x92}, port: 8333},
	{addr: [16]byte{0x00, 0x00, 0x00, 0x00, 0x00, 0x00, 0x00, 0x00, 0x00, 0x00, 0xff, 0xff, 0x05, 0xbd, 0x99, 0x85}, port: 8333},
	{addr: [16]byte{0x00, 0x00, 0x00, 0x00, 0x00, 0x00, 0x00, 0x00, 0x00, 0x00, 0xff, 0xff, 0x05, 0xe6, 0x91, 0x82}, port: 8333},
	{addr: [16]byte{0x00, 0x00, 0x00, 0x00, 0x00, 0x00, 0x00, 0x00, 0x00, 0x00, 0xff, 0xff, 0x0d, 0x36, 0x5f, 0x93}, port: 8333},
	{addr: [16]byte{0x00, 0x00, 0x00, 0x00, 0x00, 0x00, 0x00, 0x00, 0x00, 0x00, 0xff, 0xff, 0x0d, 0x36, 0xe0, 0x54}, port: 8333},
	{addr: [16]byte{0x00, 0x00, 0x00, 0x00, 0x00, 0x00, 0x00, 0x00, 0x00, 0x00, 0xff, 0xff, 0x0d, 0x37, 0x83, 0xf0}, port: 8333},
	{addr: [16]byte{0x00, 0x00, 0x00, 0x00, 0x00, 0x00, 0x00, 0x00, 0x00, 0x00, 0xff, 0xff, 0x0d, 0x37, 0xc8, 0xb1}, port: 8333},
	{addr: [16]byte{0x00, 0x00, 0x00, 0x00, 0x00, 0x00, 0x00, 0x00, 0x00, 0x00, 0xff, 0xff, 0x0d, 0x38, 0xa8, 0x40}, port: 8333},
	{addr: [16]byte{0x00, 0x00, 0x00, 0x00, 0x00, 0x00, 0x00, 0x00, 0x00, 0x00, 0xff, 0xff, 0x0d, 0x4e, 0x70, 0x0b}, port: 8333},
	{addr: [16]byte{0x00, 0x00, 0x00, 0x00, 0x00, 0x00, 0x00, 0x00, 0x00, 0x00, 0xff, 0xff, 0x0d, 0x4e, 0xac, 0x89}, port: 8333},
	{addr: [16]byte{0x00, 0x00, 0x00, 0x00, 0x00, 0x00, 0x00, 0x00, 0x00, 0x00, 0xff, 0xff, 0x0d, 0x5c, 0x52, 0xeb}, port: 8333},
	{addr: [16]byte{0x00, 0x00, 0x00, 0x00, 0x00, 0x00, 0x00, 0x00, 0x00, 0x00, 0xff, 0xff, 0x0d, 0x72, 0x7f, 0xbd}, port: 8333},
	{addr: [16]byte{0x00, 0x00, 0x00, 0x00, 0x00, 0x00, 0x00, 0x00, 0x00, 0x00, 0xff, 0xff, 0x0d, 0x7e, 0x0a, 0x03}, port: 8333},
	{addr: [16]byte{0x00, 0x00, 0x00, 0x00, 0x00, 0x00, 0x00, 0x00, 0x00, 0x00, 0xff, 0xff, 0x0d, 0x7e, 0x1f, 0x8d}, port: 8333},
	{addr: [16]byte{0x00, 0x00, 0x00, 0x00, 0x00, 0x00, 0x00, 0x00, 0x00, 0x00, 0xff, 0xff, 0x0d, 0x7e, 0x20, 0x67}, port: 8333},
	{addr: [16]byte{0x00, 0x00, 0x00, 0x00, 0x00, 0x00, 0x00, 0x00, 0x00, 0x00, 0xff, 0xff, 0x0d, 0x7e, 0x28, 0x32}, port: 8333},
	{addr: [16]byte{0x00, 0x00, 0x00, 0x00, 0x00, 0x00, 0x00, 0x00, 0x00, 0x00, 0xff, 0xff, 0x0d, 0x7e, 0x40, 0xf8}, port: 8333},
	{addr: [16]byte{0x00, 0x00, 0x00, 0x00, 0x00, 0x00, 0x00, 0x00, 0x00, 0x00, 0xff, 0xff, 0x0d, 0x7e, 0x5d, 0x82}, port: 8333},
	{addr: [16]byte{0x00, 0x00, 0x00, 0x00, 0x00, 0x00, 0x00, 0x00, 0x00, 0x00, 0xff, 0xff, 0x0d, 0x7e, 0x8b, 0xb6}, port: 8333},
	{addr: [16]byte{0x00, 0x00, 0x00, 0x00, 0x00, 0x00, 0x00, 0x00, 0x00, 0x00, 0xff, 0xff, 0x0d, 0x7e, 0x9b, 0x3f}, port: 8333},
	{addr: [16]byte{0x00, 0x00, 0x00, 0x00, 0x00, 0x00, 0x00, 0x00, 0x00, 0x00, 0xff, 0xff, 0x0d, 0x7e, 0xd1, 0x75}, port: 8333},
	{addr: [16]byte{0x00, 0x00, 0x00, 0x00, 0x00, 0x00, 0x00, 0x00, 0x00, 0x00, 0xff, 0xff, 0x0d, 0x7e, 0xe2, 0xdd}, port: 8333},
	{addr: [16]byte{0x00, 0x00, 0x00, 0x00, 0x00, 0x00, 0x00, 0x00, 0x00, 0x00, 0xff, 0xff, 0x0d, 0x7e, 0xec, 0x29}, port: 8333},
	{addr: [16]byte{0x00, 0x00, 0x00, 0x00, 0x00, 0x00, 0x00, 0x00, 0x00, 0x00, 0xff, 0xff, 0x0d, 0x7e, 0xef, 0x57}, port: 8333},
	{addr: [16]byte{0x00, 0x00, 0x00, 0x00, 0x00, 0x00, 0x00, 0x00, 0x00, 0x00, 0xff, 0xff, 0x0d, 0x7e, 0xef, 0xdb}, port: 8333},
	{addr: [16]byte{0x00, 0x00, 0x00, 0x00, 0x00, 0x00, 0x00, 0x00, 0x00, 0x00, 0xff, 0xff, 0x0d, 0xd2, 0x1e, 0x16}, port: 8333},
	{addr: [16]byte{0x00, 0x00, 0x00, 0x00, 0x00, 0x00, 0x00, 0x00, 0x00, 0x00, 0xff, 0xff, 0x0d, 0xe5, 0x39, 0x19}, port: 8333},
	{addr: [16]byte{0x00, 0x00, 0x00, 0x00, 0x00, 0x00, 0x00, 0x00, 0x00, 0x00, 0xff, 0xff, 0x0d, 0xe5, 0x39, 0xd5}, port: 8333},
	{addr: [16]byte{0x00, 0x00, 0x00, 0x00, 0x00, 0x00, 0x00, 0x00, 0x00, 0x00, 0xff, 0xff, 0x0d, 0xe5, 0x3b, 0xf0}, port: 8333},
	{addr: [16]byte{0x00, 0x00, 0x00, 0x00, 0x00, 0x00, 0x00, 0x00, 0x00, 0x00, 0xff, 0xff, 0x0d, 0xe5, 0x3e, 0xbf}, port: 8333},
	{addr: [16]byte{0x00, 0x00, 0x00, 0x00, 0x00, 0x00, 0x00, 0x00, 0x00, 0x00, 0xff, 0xff, 0x0d, 0xe5, 0x3f, 0x32}, port: 8333},
	{addr: [16]byte{0x00, 0x00, 0x00, 0x00, 0x00, 0x00, 0x00, 0x00, 0x00, 0x00, 0xff, 0xff, 0x0d, 0xe5, 0x71, 0x8f}, port: 8333},
	{addr: [16]byte{0x00, 0x00, 0x00, 0x00, 0x00, 0x00, 0x00, 0x00, 0x00, 0x00, 0xff, 0xff, 0x0d, 0xe5, 0x7a, 0xc4}, port: 8333},
	{addr: [16]byte{0x00, 0x00, 0x00, 0x00, 0x00, 0x00, 0x00, 0x00, 0x00, 0x00, 0xff, 0xff, 0x0e, 0x03, 0x26, 0xb3}, port: 8333},
	{addr: [16]byte{0x00, 0x00, 0x00, 0x00, 0x00, 0x00, 0x00, 0x00, 0x00, 0x00, 0xff, 0xff, 0x12, 0xc4, 0x00, 0xf2}, port: 8333},
	{addr: [16]byte{0x00, 0x00, 0x00, 0x00, 0x00, 0x00, 0x00, 0x00, 0x00, 0x00, 0xff, 0xff, 0x12, 0xe8, 0x02, 0x58}, port: 8333},
	{addr: [16]byte{0x00, 0x00, 0x00, 0x00, 0x00, 0x00, 0x00, 0x00, 0x00, 0x00, 0xff, 0xff, 0x17, 0x5c, 0x18, 0xbf}, port: 8333},
	{addr: [16]byte{0x00, 0x00, 0x00, 0x00, 0x00, 0x00, 0x00, 0x00, 0x00, 0x00, 0xff, 0xff, 0x17, 0xef, 0x16, 0xef}, port: 8333},
	{addr: [16]byte{0x00, 0x00, 0x00, 0x00, 0x00, 0x00, 0x00, 0x00, 0x00, 0x00, 0xff, 0xff, 0x18, 0x30, 0x0d, 0x57}, port: 8333},
	{addr: [16]byte{0x00, 0x00, 0x00, 0x00, 0x00, 0x00, 0x00, 0x00, 0x00, 0x00, 0xff, 0xff, 0x18, 0x4b, 0xc4, 0x59}, port: 8333},
	{addr: [16]byte{0x00, 0x00, 0x00, 0x00, 0x00, 0x00, 0x00, 0x00, 0x00, 0x00, 0xff, 0xff, 0x22, 0xd6, 0x50, 0x33}, port: 8333},
	{addr: [16]byte{0x00, 0x00, 0x00, 0x00, 0x00, 0x00, 0x00, 0x00, 0x00, 0x00, 0xff, 0xff, 0x22, 0xe2, 0xca, 0xe7}, port: 8333},
	{addr: [16]byte{0x00, 0x00, 0x00, 0x00, 0x00, 0x00, 0x00, 0x00, 0x00, 0x00, 0xff, 0xff, 0x22, 0xe3, 0x2f, 0xff}, port: 8333},
	{addr: [16]byte{0x00, 0x00, 0x00, 0x00, 0x00, 0x00, 0x00, 0x00, 0x00, 0x00, 0xff, 0xff, 0x22, 0xe4, 0xf4, 0x31}, port: 8333},
	{addr: [16]byte{0x00, 0x00, 0x00, 0x00, 0x00, 0x00, 0x00, 0x00, 0x00, 0x00, 0xff, 0xff, 0x22, 0xe5, 0xcd, 0xdd}, port: 8333},
	{addr: [16]byte{0x00, 0x00, 0x00, 0x00, 0x00, 0x00, 0x00, 0x00, 0x00, 0x00, 0xff, 0xff, 0x22, 0xf8, 0x25, 0x20}, port: 8333},
	{addr: [16]byte{0x00, 0x00, 0x00, 0x00, 0x00, 0x00, 0x00, 0x00, 0x00, 0x00, 0xff, 0xff, 0x22, 0xfa, 0x39, 0xd6}, port: 8333},
	{addr: [16]byte{0x00, 0x00, 0x00, 0x00, 0x00, 0x00, 0x00, 0x00, 0x00, 0x00, 0xff, 0xff, 0x22, 0xfa, 0xe4, 0x94}, port: 8333},
	{addr: [16]byte{0x00, 0x00, 0x00, 0x00, 0x00, 0x00, 0x00, 0x00, 0x00, 0x00, 0xff, 0xff, 0x22, 0xfb, 0x31, 0x63}, port: 8333},
	{addr: [16]byte{0x00, 0x00, 0x00, 0x00, 0x00, 0x00, 0x00, 0x00, 0x00, 0x00, 0xff, 0xff, 0x22, 0xfb, 0xf9, 0x9f}, port: 8333},
	{addr: [16]byte{0x00, 0x00, 0x00, 0x00, 0x00, 0x00, 0x00, 0x00, 0x00, 0x00, 0xff, 0xff, 0x22, 0xfd, 0x29, 0x98}, port: 8333},
	{addr: [16]byte{0x00, 0x00, 0x00, 0x00, 0x00, 0x00, 0x00, 0x00, 0x00, 0x00, 0xff, 0xff, 0x22, 0xfd, 0x89, 0x7d}, port: 8333},
	{addr: [16]byte{0x00, 0x00, 0x00, 0x00, 0x00, 0x00, 0x00, 0x00, 0x00, 0x00, 0xff, 0xff, 0x23, 0x9a, 0x65, 0xfe}, port: 8333},
	{addr: [16]byte{0x00, 0x00, 0x00, 0x00, 0x00, 0x00, 0x00, 0x00, 0x00, 0x00, 0xff, 0xff, 0x23, 0x9a, 0x95, 0x80}, port: 8333},
	{addr: [16]byte{0x00, 0x00, 0x00, 0x00, 0x00, 0x00, 0x00, 0x00, 0x00, 0x00, 0xff, 0xff, 0x23, 0x9a, 0x99, 0xbc}, port: 8333},
	{addr: [16]byte{0x00, 0x00, 0x00, 0x00, 0x00, 0x00, 0x00, 0x00, 0x00, 0x00, 0xff, 0xff, 0x23, 0x9c, 0x76, 0x94}, port: 8333},
	{addr: [16]byte{0x00, 0x00, 0x00, 0x00, 0x00, 0x00, 0x00, 0x00, 0x00, 0x00, 0xff, 0xff, 0x23, 0x9c, 0xe1, 0xbe}, port: 8333},
	{addr: [16]byte{0x00, 0x00, 0x00, 0x00, 0x00, 0x00, 0x00, 0x00, 0x00, 0x00, 0xff, 0xff, 0x23, 0x9d, 0xe3, 0x91}, port: 8333},
	{addr: [16]byte{0x00, 0x00, 0x00, 0x00, 0x00, 0x00, 0x00, 0x00, 0x00, 0x00, 0xff, 0xff, 0x23, 0x9d, 0xf4, 0xe1}, port: 8333},
	{addr: [16]byte{0x00, 0x00, 0x00, 0x00, 0x00, 0x00, 0x00, 0x00, 0x00, 0x00, 0xff, 0xff, 0x23, 0x9e, 0x52, 0x9c}, port: 8333},
	{addr: [16]byte{0x00, 0x00, 0x00, 0x00, 0x00, 0x00, 0x00, 0x00, 0x00, 0x00, 0xff, 0xff, 0x23, 0x9e, 0xbe, 0xee}, port: 8333},
	{addr: [16]byte{0x00, 0x00, 0x00, 0x00, 0x00, 0x00, 0x00, 0x00, 0x00, 0x00, 0xff, 0xff, 0x23, 0x9e, 0xc0, 0x3c}, port: 8333},
	{addr: [16]byte{0x00, 0x00, 0x00, 0x00, 0x00, 0x00, 0x00, 0x00, 0x00, 0x00, 0xff, 0xff, 0x23, 0x9e, 0xd0, 0xaa}, port: 8333},
	{addr: [16]byte{0x00, 0x00, 0x00, 0x00, 0x00, 0x00, 0x00, 0x00, 0x00, 0x00, 0xff, 0xff, 0x23, 0x9e, 0xe2, 0x8e}, port: 8333},
	{addr: [16]byte{0x00, 0x00, 0x00, 0x00, 0x00, 0x00, 0x00, 0x00, 0x00, 0x00, 0xff, 0xff, 0x23, 0x9e, 0xf0, 0xae}, port: 8333},
	{addr: [16]byte{0x00, 0x00, 0x00, 0x00, 0x00, 0x00, 0x00, 0x00, 0x00, 0x00, 0xff, 0xff, 0x23, 0x9e, 0xf6, 0x1b}, port: 8333},
	{addr: [16]byte{0x00, 0x00, 0x00, 0x00, 0x00, 0x00, 0x00, 0x00, 0x00, 0x00, 0xff, 0xff, 0x23, 0xa1, 0xb0, 0x96}, port: 7333},
	{addr: [16]byte{0x00, 0x00, 0x00, 0x00, 0x00, 0x00, 0x00, 0x00, 0x00, 0x00, 0xff, 0xff, 0x23, 0xb0, 0xea, 0xcf}, port: 8333},
	{addr: [16]byte{0x00, 0x00, 0x00, 0x00, 0x00, 0x00, 0x00, 0x00, 0x00, 0x00, 0xff, 0xff, 0x23, 0xb1, 0xaf, 0xdf}, port: 8363},
	{addr: [16]byte{0x00, 0x00, 0x00, 0x00, 0x00, 0x00, 0x00, 0x00, 0x00, 0x00, 0xff, 0xff, 0x23, 0xb6, 0x3f, 0x89}, port: 8363},
	{addr: [16]byte{0x00, 0x00, 0x00, 0x00, 0x00, 0x00, 0x00, 0x00, 0x00, 0x00, 0xff, 0xff, 0x23, 0xb6, 0x66, 0x2c}, port: 8333},
	{addr: [16]byte{0x00, 0x00, 0x00, 0x00, 0x00, 0x00, 0x00, 0x00, 0x00, 0x00, 0xff, 0xff, 0x23, 0xbb, 0x6c, 0x71}, port: 8333},
	{addr: [16]byte{0x00, 0x00, 0x00, 0x00, 0x00, 0x00, 0x00, 0x00, 0x00, 0x00, 0xff, 0xff, 0x23, 0xc3, 0x89, 0x17}, port: 8333},
	{addr: [16]byte{0x00, 0x00, 0x00, 0x00, 0x00, 0x00, 0x00, 0x00, 0x00, 0x00, 0xff, 0xff, 0x23, 0xcc, 0x27, 0x66}, port: 8333},
	{addr: [16]byte{0x00, 0x00, 0x00, 0x00, 0x00, 0x00, 0x00, 0x00, 0x00, 0x00, 0xff, 0xff, 0x25, 0x3d, 0xee, 0x36}, port: 8333},
	{addr: [16]byte{0x00, 0x00, 0x00, 0x00, 0x00, 0x00, 0x00, 0x00, 0x00, 0x00, 0xff, 0xff, 0x25, 0x3d, 0xee, 0x84}, port: 8333},
	{addr: [16]byte{0x00, 0x00, 0x00, 0x00, 0x00, 0x00, 0x00, 0x00, 0x00, 0x00, 0xff, 0xff, 0x25, 0x8b, 0x1e, 0x85}, port: 8333},
	{addr: [16]byte{0x00, 0x00, 0x00, 0x00, 0x00, 0x00, 0x00, 0x00, 0x00, 0x00, 0xff, 0xff, 0x25, 0xbb, 0x8d, 0x49}, port: 9333},
	{addr: [16]byte{0x00, 0x00, 0x00, 0x00, 0x00, 0x00, 0x00, 0x00, 0x00, 0x00, 0xff, 0xff, 0x27, 0x68, 0x59, 0x30}, port: 8363},
	{addr: [16]byte{0x00, 0x00, 0x00, 0x00, 0x00, 0x00, 0x00, 0x00, 0x00, 0x00, 0xff, 0xff, 0x27, 0x6b, 0x66, 0x19}, port: 8363},
	{addr: [16]byte{0x00, 0x00, 0x00, 0x00, 0x00, 0x00, 0x00, 0x00, 0x00, 0x00, 0xff, 0xff, 0x27, 0x6c, 0x0d, 0x66}, port: 8333},
	{addr: [16]byte{0x00, 0x00, 0x00, 0x00, 0x00, 0x00, 0x00, 0x00, 0x00, 0x00, 0xff, 0xff, 0x27, 0x6c, 0x47, 0xfe}, port: 8333},
	{addr: [16]byte{0x00, 0x00, 0x00, 0x00, 0x00, 0x00, 0x00, 0x00, 0x00, 0x00, 0xff, 0xff, 0x27, 0x6c, 0x64, 0x7a}, port: 8333},
	{addr: [16]byte{0x00, 0x00, 0x00, 0x00, 0x00, 0x00, 0x00, 0x00, 0x00, 0x00, 0xff, 0xff, 0x27, 0x6c, 0x6b, 0x78}, port: 8333},
	{addr: [16]byte{0x00, 0x00, 0x00, 0x00, 0x00, 0x00, 0x00, 0x00, 0x00, 0x00, 0xff, 0xff, 0x27, 0x6c, 0xf6, 0xa3}, port: 8333},
	{addr: [16]byte{0x00, 0x00, 0x00, 0x00, 0x00, 0x00, 0x00, 0x00, 0x00, 0x00, 0xff, 0xff, 0x27, 0x6c, 0xf6, 0xac}, port: 8333},
	{addr: [16]byte{0x00, 0x00, 0x00, 0x00, 0x00, 0x00, 0x00, 0x00, 0x00, 0x00, 0xff, 0xff, 0x27, 0x6c, 0xf6, 0xb8}, port: 8333},
	{addr: [16]byte{0x00, 0x00, 0x00, 0x00, 0x00, 0x00, 0x00, 0x00, 0x00, 0x00, 0xff, 0xff, 0x27, 0x6c, 0xf6, 0xbd}, port: 8333},
	{addr: [16]byte{0x00, 0x00, 0x00, 0x00, 0x00, 0x00, 0x00, 0x00, 0x00, 0x00, 0xff, 0xff, 0x27, 0x6c, 0xf6, 0xc6}, port: 8333},
	{addr: [16]byte{0x00, 0x00, 0x00, 0x00, 0x00, 0x00, 0x00, 0x00, 0x00, 0x00, 0xff, 0xff, 0x27, 0x6c, 0xf6, 0xda}, port: 8333},
	{addr: [16]byte{0x00, 0x00, 0x00, 0x00, 0x00, 0x00, 0x00, 0x00, 0x00, 0x00, 0xff, 0xff, 0x27, 0x6c, 0xf6, 0xdc}, port: 8333},
	{addr: [16]byte{0x00, 0x00, 0x00, 0x00, 0x00, 0x00, 0x00, 0x00, 0x00, 0x00, 0xff, 0xff, 0x27, 0x6c, 0xf6, 0xde}, port: 8333},
	{addr: [16]byte{0x00, 0x00, 0x00, 0x00, 0x00, 0x00, 0x00, 0x00, 0x00, 0x00, 0xff, 0xff, 0x27, 0x6c, 0xf6, 0xdf}, port: 8333},
	{addr: [16]byte{0x00, 0x00, 0x00, 0x00, 0x00, 0x00, 0x00, 0x00, 0x00, 0x00, 0xff, 0xff, 0x27, 0x6c, 0xf6, 0xe2}, port: 8333},
	{addr: [16]byte{0x00, 0x00, 0x00, 0x00, 0x00, 0x00, 0x00, 0x00, 0x00, 0x00, 0xff, 0xff, 0x27, 0x6c, 0xf6, 0xee}, port: 8333},
	{addr: [16]byte{0x00, 0x00, 0x00, 0x00, 0x00, 0x00, 0x00, 0x00, 0x00, 0x00, 0xff, 0xff, 0x2d, 0x20, 0x1a, 0x77}, port: 8333},
	{addr: [16]byte{0x00, 0x00, 0x00, 0x00, 0x00, 0x00, 0x00, 0x00, 0x00, 0x00, 0xff, 0xff, 0x2d, 0x20, 0x1d, 0x3e}, port: 8333},
	{addr: [16]byte{0x00, 0x00, 0x00, 0x00, 0x00, 0x00, 0x00, 0x00, 0x00, 0x00, 0xff, 0xff, 0x2d, 0x20, 0x2e, 0xc6}, port: 8333},
	{addr: [16]byte{0x00, 0x00, 0x00, 0x00, 0x00, 0x00, 0x00, 0x00, 0x00, 0x00, 0xff, 0xff, 0x2d, 0x20, 0xa2, 0xab}, port: 8333},
	{addr: [16]byte{0x00, 0x00, 0x00, 0x00, 0x00, 0x00, 0x00, 0x00, 0x00, 0x00, 0xff, 0xff, 0x2d, 0x20, 0xaf, 0xfa}, port: 8333},
	{addr: [16]byte{0x00, 0x00, 0x00, 0x00, 0x00, 0x00, 0x00, 0x00, 0x00, 0x00, 0xff, 0xff, 0x2d, 0x20, 0xb1, 0xbd}, port: 8333},
	{addr: [16]byte{0x00, 0x00, 0x00, 0x00, 0x00, 0x00, 0x00, 0x00, 0x00, 0x00, 0xff, 0xff, 0x2d, 0x20, 0xb2, 0xec}, port: 8333},
	{addr: [16]byte{0x00, 0x00, 0x00, 0x00, 0x00, 0x00, 0x00, 0x00, 0x00, 0x00, 0xff, 0xff, 0x2d, 0x20, 0xba, 0x5a}, port: 8333},
	{addr: [16]byte{0x00, 0x00, 0x00, 0x00, 0x00, 0x00, 0x00, 0x00, 0x00, 0x00, 0xff, 0xff, 0x2d, 0x20, 0xbc, 0x33}, port: 8333},
	{addr: [16]byte{0x00, 0x00, 0x00, 0x00, 0x00, 0x00, 0x00, 0x00, 0x00, 0x00, 0xff, 0xff, 0x2d, 0x20, 0xd2, 0x9d}, port: 8333},
	{addr: [16]byte{0x00, 0x00, 0x00, 0x00, 0x00, 0x00, 0x00, 0x00, 0x00, 0x00, 0xff, 0xff, 0x2d, 0x20, 0xdb, 0x9a}, port: 8333},
	{addr: [16]byte{0x00, 0x00, 0x00, 0x00, 0x00, 0x00, 0x00, 0x00, 0x00, 0x00, 0xff, 0xff, 0x2d, 0x20, 0xe9, 0xe1}, port: 8333},
	{addr: [16]byte{0x00, 0x00, 0x00, 0x00, 0x00, 0x00, 0x00, 0x00, 0x00, 0x00, 0xff, 0xff, 0x2d, 0x20, 0xfa, 0x81}, port: 8333},
	{addr: [16]byte{0x00, 0x00, 0x00, 0x00, 0x00, 0x00, 0x00, 0x00, 0x00, 0x00, 0xff, 0xff, 0x2d, 0x21, 0x06, 0xd5}, port: 8333},
	{addr: [16]byte{0x00, 0x00, 0x00, 0x00, 0x00, 0x00, 0x00, 0x00, 0x00, 0x00, 0xff, 0xff, 0x2d, 0x21, 0x0e, 0x1b}, port: 8333},
	{addr: [16]byte{0x00, 0x00, 0x00, 0x00, 0x00, 0x00, 0x00, 0x00, 0x00, 0x00, 0xff, 0xff, 0x2d, 0x21, 0x14, 0x31}, port: 8333},
	{addr: [16]byte{0x00, 0x00, 0x00, 0x00, 0x00, 0x00, 0x00, 0x00, 0x00, 0x00, 0xff, 0xff, 0x2d, 0x21, 0x7a, 0xfe}, port: 8333},
	{addr: [16]byte{0x00, 0x00, 0x00, 0x00, 0x00, 0x00, 0x00, 0x00, 0x00, 0x00, 0xff, 0xff, 0x2d, 0x38, 0x6e, 0x80}, port: 8333},
	{addr: [16]byte{0x00, 0x00, 0x00, 0x00, 0x00, 0x00, 0x00, 0x00, 0x00, 0x00, 0xff, 0xff, 0x2d, 0x3f, 0x0a, 0x1e}, port: 8333},
	{addr: [16]byte{0x00, 0x00, 0x00, 0x00, 0x00, 0x00, 0x00, 0x00, 0x00, 0x00, 0xff, 0xff, 0x2d, 0x3f, 0x0b, 0x92}, port: 8333},
	{addr: [16]byte{0x00, 0x00, 0x00, 0x00, 0x00, 0x00, 0x00, 0x00, 0x00, 0x00, 0xff, 0xff, 0x2d, 0x3f, 0x24, 0x0f}, port: 8333},
	{addr: [16]byte{0x00, 0x00, 0x00, 0x00, 0x00, 0x00, 0x00, 0x00, 0x00, 0x00, 0xff, 0xff, 0x2d, 0x3f, 0x27, 0x70}, port: 8333},
	{addr: [16]byte{0x00, 0x00, 0x00, 0x00, 0x00, 0x00, 0x00, 0x00, 0x00, 0x00, 0xff, 0xff, 0x2d, 0x3f, 0x27, 0x98}, port: 8333},
	{addr: [16]byte{0x00, 0x00, 0x00, 0x00, 0x00, 0x00, 0x00, 0x00, 0x00, 0x00, 0xff, 0xff, 0x2d, 0x3f, 0x43, 0x65}, port: 8333},
	{addr: [16]byte{0x00, 0x00, 0x00, 0x00, 0x00, 0x00, 0x00, 0x00, 0x00, 0x00, 0xff, 0xff, 0x2d, 0x3f, 0x52, 0x08}, port: 8333},
	{addr: [16]byte{0x00, 0x00, 0x00, 0x00, 0x00, 0x00, 0x00, 0x00, 0x00, 0x00, 0xff, 0xff, 0x2d, 0x3f, 0x63, 0x54}, port: 8333},
	{addr: [16]byte{0x00, 0x00, 0x00, 0x00, 0x00, 0x00, 0x00, 0x00, 0x00, 0x00, 0xff, 0xff, 0x2d, 0x3f, 0x73, 0xfc}, port: 8333},
	{addr: [16]byte{0x00, 0x00, 0x00, 0x00, 0x00, 0x00, 0x00, 0x00, 0x00, 0x00, 0xff, 0xff, 0x2d, 0x3f, 0x77, 0x7d}, port: 8333},
	{addr: [16]byte{0x00, 0x00, 0x00, 0x00, 0x00, 0x00, 0x00, 0x00, 0x00, 0x00, 0xff, 0xff, 0x2d, 0x4c, 0x22, 0x88}, port: 8333},
	{addr: [16]byte{0x00, 0x00, 0x00, 0x00, 0x00, 0x00, 0x00, 0x00, 0x00, 0x00, 0xff, 0xff, 0x2d, 0x4c, 0x2b, 0x28}, port: 8333},
	{addr: [16]byte{0x00, 0x00, 0x00, 0x00, 0x00, 0x00, 0x00, 0x00, 0x00, 0x00, 0xff, 0xff, 0x2d, 0x4c, 0x2d, 0x9b}, port: 8333},
	{addr: [16]byte{0x00, 0x00, 0x00, 0x00, 0x00, 0x00, 0x00, 0x00, 0x00, 0x00, 0xff, 0xff, 0x2d, 0x4c, 0x5a, 0x87}, port: 8333},
	{addr: [16]byte{0x00, 0x00, 0x00, 0x00, 0x00, 0x00, 0x00, 0x00, 0x00, 0x00, 0xff, 0xff, 0x2d, 0x4c, 0x75, 0x45}, port: 8333},
	{addr: [16]byte{0x00, 0x00, 0x00, 0x00, 0x00, 0x00, 0x00, 0x00, 0x00, 0x00, 0xff, 0xff, 0x2d, 0x4c, 0x7a, 0x63}, port: 8333},
	{addr: [16]byte{0x00, 0x00, 0x00, 0x00, 0x00, 0x00, 0x00, 0x00, 0x00, 0x00, 0xff, 0xff, 0x2d, 0x4c, 0x7b, 0x28}, port: 8333},
	{addr: [16]byte{0x00, 0x00, 0x00, 0x00, 0x00, 0x00, 0x00, 0x00, 0x00, 0x00, 0xff, 0xff, 0x2d, 0x4c, 0x89, 0xd2}, port: 8333},
	{addr: [16]byte{0x00, 0x00, 0x00, 0x00, 0x00, 0x00, 0x00, 0x00, 0x00, 0x00, 0xff, 0xff, 0x2d, 0x4c, 0x9c, 0x5a}, port: 8333},
	{addr: [16]byte{0x00, 0x00, 0x00, 0x00, 0x00, 0x00, 0x00, 0x00, 0x00, 0x00, 0xff, 0xff, 0x2d, 0x4c, 0xaa, 0xbf}, port: 8333},
	{addr: [16]byte{0x00, 0x00, 0x00, 0x00, 0x00, 0x00, 0x00, 0x00, 0x00, 0x00, 0xff, 0xff, 0x2d, 0x4c, 0xb9, 0xdd}, port: 8333},
	{addr: [16]byte{0x00, 0x00, 0x00, 0x00, 0x00, 0x00, 0x00, 0x00, 0x00, 0x00, 0xff, 0xff, 0x2d, 0x4c, 0xd3, 0xbb}, port: 8333},
	{addr: [16]byte{0x00, 0x00, 0x00, 0x00, 0x00, 0x00, 0x00, 0x00, 0x00, 0x00, 0xff, 0xff, 0x2d, 0x4c, 0xdd, 0x59}, port: 8333},
	{addr: [16]byte{0x00, 0x00, 0x00, 0x00, 0x00, 0x00, 0x00, 0x00, 0x00, 0x00, 0xff, 0xff, 0x2d, 0x4c, 0xec, 0x69}, port: 8333},
	{addr: [16]byte{0x00, 0x00, 0x00, 0x00, 0x00, 0x00, 0x00, 0x00, 0x00, 0x00, 0xff, 0xff, 0x2d, 0x4c, 0xf9, 0x8a}, port: 8333},
	{addr: [16]byte{0x00, 0x00, 0x00, 0x00, 0x00, 0x00, 0x00, 0x00, 0x00, 0x00, 0xff, 0xff, 0x2d, 0x4c, 0xfb, 0x74}, port: 8333},
	{addr: [16]byte{0x00, 0x00, 0x00, 0x00, 0x00, 0x00, 0x00, 0x00, 0x00, 0x00, 0xff, 0xff, 0x2d, 0x4d, 0x16, 0xa9}, port: 8333},
	{addr: [16]byte{0x00, 0x00, 0x00, 0x00, 0x00, 0x00, 0x00, 0x00, 0x00, 0x00, 0xff, 0xff, 0x2d, 0x4d, 0x25, 0xe3}, port: 8333},
	{addr: [16]byte{0x00, 0x00, 0x00, 0x00, 0x00, 0x00, 0x00, 0x00, 0x00, 0x00, 0xff, 0xff, 0x2d, 0x4d, 0x2b, 0xa4}, port: 8333},
	{addr: [16]byte{0x00, 0x00, 0x00, 0x00, 0x00, 0x00, 0x00, 0x00, 0x00, 0x00, 0xff, 0xff, 0x2d, 0x4d, 0x2c, 0x45}, port: 8333},
	{addr: [16]byte{0x00, 0x00, 0x00, 0x00, 0x00, 0x00, 0x00, 0x00, 0x00, 0x00, 0xff, 0xff, 0x2d, 0x4d, 0x3a, 0xd7}, port: 8333},
	{addr: [16]byte{0x00, 0x00, 0x00, 0x00, 0x00, 0x00, 0x00, 0x00, 0x00, 0x00, 0xff, 0xff, 0x2d, 0x4d, 0x3c, 0x7d}, port: 8333},
	{addr: [16]byte{0x00, 0x00, 0x00, 0x00, 0x00, 0x00, 0x00, 0x00, 0x00, 0x00, 0xff, 0xff, 0x2d, 0x4d, 0x3d, 0x9b}, port: 8333},
	{addr: [16]byte{0x00, 0x00, 0x00, 0x00, 0x00, 0x00, 0x00, 0x00, 0x00, 0x00, 0xff, 0xff, 0x2d, 0x4d, 0x3f, 0x9e}, port: 8333},
	{addr: [16]byte{0x00, 0x00, 0x00, 0x00, 0x00, 0x00, 0x00, 0x00, 0x00, 0x00, 0xff, 0xff, 0x2d, 0x4d, 0x50, 0x74}, port: 8333},
	{addr: [16]byte{0x00, 0x00, 0x00, 0x00, 0x00, 0x00, 0x00, 0x00, 0x00, 0x00, 0xff, 0xff, 0x2d, 0x4f, 0x05, 0xac}, port: 8333},
	{addr: [16]byte{0x00, 0x00, 0x00, 0x00, 0x00, 0x00, 0x00, 0x00, 0x00, 0x00, 0xff, 0xff, 0x2d, 0x4f, 0x43, 0xe6}, port: 8333},
	{addr: [16]byte{0x00, 0x00, 0x00, 0x00, 0x00, 0x00, 0x00, 0x00, 0x00, 0x00, 0xff, 0xff, 0x2d, 0x4f, 0x4e, 0xe9}, port: 8333},
	{addr: [16]byte{0x00, 0x00, 0x00, 0x00, 0x00, 0x00, 0x00, 0x00, 0x00, 0x00, 0xff, 0xff, 0x2d, 0x4f, 0x59, 0xfd}, port: 8333},
	{addr: [16]byte{0x00, 0x00, 0x00, 0x00, 0x00, 0x00, 0x00, 0x00, 0x00, 0x00, 0xff, 0xff, 0x2d, 0x4f, 0x63, 0xdc}, port: 8333},
	{addr: [16]byte{0x00, 0x00, 0x00, 0x00, 0x00, 0x00, 0x00, 0x00, 0x00, 0x00, 0xff, 0xff, 0x2d, 0x4f, 0x68, 0xe8}, port: 8333},
	{addr: [16]byte{0x00, 0x00, 0x00, 0x00, 0x00, 0x00, 0x00, 0x00, 0x00, 0x00, 0xff, 0xff, 0x2d, 0x4f, 0x6c, 0x83}, port: 8333},
	{addr: [16]byte{0x00, 0x00, 0x00, 0x00, 0x00, 0x00, 0x00, 0x00, 0x00, 0x00, 0xff, 0xff, 0x2d, 0x4f, 0x83, 0x92}, port: 8333},
	{addr: [16]byte{0x00, 0x00, 0x00, 0x00, 0x00, 0x00, 0x00, 0x00, 0x00, 0x00, 0xff, 0xff, 0x2d, 0x4f, 0x8e, 0x63}, port: 8333},
	{addr: [16]byte{0x00, 0x00, 0x00, 0x00, 0x00, 0x00, 0x00, 0x00, 0x00, 0x00, 0xff, 0xff, 0x2d, 0x4f, 0xa2, 0x8f}, port: 8333},
	{addr: [16]byte{0x00, 0x00, 0x00, 0x00, 0x00, 0x00, 0x00, 0x00, 0x00, 0x00, 0xff, 0xff, 0x2d, 0x4f, 0xb0, 0x5a}, port: 8333},
	{addr: [16]byte{0x00, 0x00, 0x00, 0x00, 0x00, 0x00, 0x00, 0x00, 0x00, 0x00, 0xff, 0xff, 0x2d, 0x4f, 0xb3, 0x5b}, port: 8333},
	{addr: [16]byte{0x00, 0x00, 0x00, 0x00, 0x00, 0x00, 0x00, 0x00, 0x00, 0x00, 0xff, 0xff, 0x2d, 0x4f, 0xbd, 0x9d}, port: 8333},
	{addr: [16]byte{0x00, 0x00, 0x00, 0x00, 0x00, 0x00, 0x00, 0x00, 0x00, 0x00, 0xff, 0xff, 0x2d, 0x4f, 0xc2, 0xa4}, port: 8333},
	{addr: [16]byte{0x00, 0x00, 0x00, 0x00, 0x00, 0x00, 0x00, 0x00, 0x00, 0x00, 0xff, 0xff, 0x2d, 0x4f, 0xc3, 0x35}, port: 8333},
	{addr: [16]byte{0x00, 0x00, 0x00, 0x00, 0x00, 0x00, 0x00, 0x00, 0x00, 0x00, 0xff, 0xff, 0x2d, 0x4f, 0xce, 0xad}, port: 8333},
	{addr: [16]byte{0x00, 0x00, 0x00, 0x00, 0x00, 0x00, 0x00, 0x00, 0x00, 0x00, 0xff, 0xff, 0x2d, 0x4f, 0xd2, 0x82}, port: 8333},
	{addr: [16]byte{0x00, 0x00, 0x00, 0x00, 0x00, 0x00, 0x00, 0x00, 0x00, 0x00, 0xff, 0xff, 0x2d, 0x4f, 0xd8, 0x93}, port: 8333},
	{addr: [16]byte{0x00, 0x00, 0x00, 0x00, 0x00, 0x00, 0x00, 0x00, 0x00, 0x00, 0xff, 0xff, 0x2d, 0x4f, 0xda, 0x9a}, port: 8333},
	{addr: [16]byte{0x00, 0x00, 0x00, 0x00, 0x00, 0x00, 0x00, 0x00, 0x00, 0x00, 0xff, 0xff, 0x2d, 0x4f, 0xdb, 0x5a}, port: 8333},
	{addr: [16]byte{0x00, 0x00, 0x00, 0x00, 0x00, 0x00, 0x00, 0x00, 0x00, 0x00, 0xff, 0xff, 0x2e, 0x65, 0x29, 0x23}, port: 8333},
	{addr: [16]byte{0x00, 0x00, 0x00, 0x00, 0x00, 0x00, 0x00, 0x00, 0x00, 0x00, 0xff, 0xff, 0x2e, 0x65, 0x33, 0xa9}, port: 8333},
	{addr: [16]byte{0x00, 0x00, 0x00, 0x00, 0x00, 0x00, 0x00, 0x00, 0x00, 0x00, 0xff, 0xff, 0x2e, 0x65, 0x3a, 0x9f}, port: 8333},
	{addr: [16]byte{0x00, 0x00, 0x00, 0x00, 0x00, 0x00, 0x00, 0x00, 0x00, 0x00, 0xff, 0xff, 0x2e, 0x65, 0x3c, 0x9c}, port: 8333},
	{addr: [16]byte{0x00, 0x00, 0x00, 0x00, 0x00, 0x00, 0x00, 0x00, 0x00, 0x00, 0xff, 0xff, 0x2e, 0x65, 0x49, 0x60}, port: 8333},
	{addr: [16]byte{0x00, 0x00, 0x00, 0x00, 0x00, 0x00, 0x00, 0x00, 0x00, 0x00, 0xff, 0xff, 0x2e, 0x65, 0x6f, 0x45}, port: 8333},
	{addr: [16]byte{0x00, 0x00, 0x00, 0x00, 0x00, 0x00, 0x00, 0x00, 0x00, 0x00, 0xff, 0xff, 0x2e, 0x65, 0x8d, 0x8f}, port: 8333},
	{addr: [16]byte{0x00, 0x00, 0x00, 0x00, 0x00, 0x00, 0x00, 0x00, 0x00, 0x00, 0xff, 0xff, 0x2e, 0x65, 0xe2, 0xfc}, port: 8333},
	{addr: [16]byte{0x00, 0x00, 0x00, 0x00, 0x00, 0x00, 0x00, 0x00, 0x00, 0x00, 0xff, 0xff, 0x2e, 0x65, 0xe7, 0xb7}, port: 8333},
	{addr: [16]byte{0x00, 0x00, 0x00, 0x00, 0x00, 0x00, 0x00, 0x00, 0x00, 0x00, 0xff, 0xff, 0x2e, 0xa6, 0xa2, 0x2d}, port: 20008},
	{addr: [16]byte{0x00, 0x00, 0x00, 0x00, 0x00, 0x00, 0x00, 0x00, 0x00, 0x00, 0xff, 0xff, 0x2e, 0xa6, 0xa2, 0x7b}, port: 20011},
	{addr: [16]byte{0x00, 0x00, 0x00, 0x00, 0x00, 0x00, 0x00, 0x00, 0x00, 0x00, 0xff, 0xff, 0x2f, 0x34, 0x04, 0x74}, port: 8333},
	{addr: [16]byte{0x00, 0x00, 0x00, 0x00, 0x00, 0x00, 0x00, 0x00, 0x00, 0x00, 0xff, 0xff, 0x2f, 0x34, 0x09, 0x50}, port: 8333},
	{addr: [16]byte{0x00, 0x00, 0x00, 0x00, 0x00, 0x00, 0x00, 0x00, 0x00, 0x00, 0xff, 0xff, 0x2f, 0x34, 0x09, 0x5d}, port: 8333},
	{addr: [16]byte{0x00, 0x00, 0x00, 0x00, 0x00, 0x00, 0x00, 0x00, 0x00, 0x00, 0xff, 0xff, 0x2f, 0x34, 0x09, 0x69}, port: 8333},
	{addr: [16]byte{0x00, 0x00, 0x00, 0x00, 0x00, 0x00, 0x00, 0x00, 0x00, 0x00, 0xff, 0xff, 0x2f, 0x34, 0x09, 0xb9}, port: 8333},
	{addr: [16]byte{0x00, 0x00, 0x00, 0x00, 0x00, 0x00, 0x00, 0x00, 0x00, 0x00, 0xff, 0xff, 0x2f, 0x34, 0x09, 0xc6}, port: 8333},
	{addr: [16]byte{0x00, 0x00, 0x00, 0x00, 0x00, 0x00, 0x00, 0x00, 0x00, 0x00, 0xff, 0xff, 0x2f, 0x34, 0x09, 0xdb}, port: 8333},
	{addr: [16]byte{0x00, 0x00, 0x00, 0x00, 0x00, 0x00, 0x00, 0x00, 0x00, 0x00, 0xff, 0xff, 0x2f, 0x34, 0x09, 0xf2}, port: 8333},
	{addr: [16]byte{0x00, 0x00, 0x00, 0x00, 0x00, 0x00, 0x00, 0x00, 0x00, 0x00, 0xff, 0xff, 0x2f, 0x34, 0x09, 0xf9}, port: 8333},
	{addr: [16]byte{0x00, 0x00, 0x00, 0x00, 0x00, 0x00, 0x00, 0x00, 0x00, 0x00, 0xff, 0xff, 0x2f, 0x34, 0x0a, 0x00}, port: 8333},
	{addr: [16]byte{0x00, 0x00, 0x00, 0x00, 0x00, 0x00, 0x00, 0x00, 0x00, 0x00, 0xff, 0xff, 0x2f, 0x34, 0x0a, 0x04}, port: 8333},
	{addr: [16]byte{0x00, 0x00, 0x00, 0x00, 0x00, 0x00, 0x00, 0x00, 0x00, 0x00, 0xff, 0xff, 0x2f, 0x34, 0x0a, 0x0c}, port: 8333},
	{addr: [16]byte{0x00, 0x00, 0x00, 0x00, 0x00, 0x00, 0x00, 0x00, 0x00, 0x00, 0xff, 0xff, 0x2f, 0x34, 0x0a, 0x14}, port: 8333},
	{addr: [16]byte{0x00, 0x00, 0x00, 0x00, 0x00, 0x00, 0x00, 0x00, 0x00, 0x00, 0xff, 0xff, 0x2f, 0x34, 0x0a, 0x1b}, port: 8333},
	{addr: [16]byte{0x00, 0x00, 0x00, 0x00, 0x00, 0x00, 0x00, 0x00, 0x00, 0x00, 0xff, 0xff, 0x2f, 0x34, 0x0a, 0x2f}, port: 8333},
	{addr: [16]byte{0x00, 0x00, 0x00, 0x00, 0x00, 0x00, 0x00, 0x00, 0x00, 0x00, 0xff, 0xff, 0x2f, 0x34, 0x0a, 0x32}, port: 8333},
	{addr: [16]byte{0x00, 0x00, 0x00, 0x00, 0x00, 0x00, 0x00, 0x00, 0x00, 0x00, 0xff, 0xff, 0x2f, 0x34, 0x0a, 0x36}, port: 8333},
	{addr: [16]byte{0x00, 0x00, 0x00, 0x00, 0x00, 0x00, 0x00, 0x00, 0x00, 0x00, 0xff, 0xff, 0x2f, 0x34, 0x0a, 0x3b}, port: 8333},
	{addr: [16]byte{0x00, 0x00, 0x00, 0x00, 0x00, 0x00, 0x00, 0x00, 0x00, 0x00, 0xff, 0xff, 0x2f, 0x34, 0x0a, 0x3d}, port: 8333},
	{addr: [16]byte{0x00, 0x00, 0x00, 0x00, 0x00, 0x00, 0x00, 0x00, 0x00, 0x00, 0xff, 0xff, 0x2f, 0x34, 0x0a, 0x43}, port: 8333},
	{addr: [16]byte{0x00, 0x00, 0x00, 0x00, 0x00, 0x00, 0x00, 0x00, 0x00, 0x00, 0xff, 0xff, 0x2f, 0x34, 0x0a, 0x46}, port: 8333},
	{addr: [16]byte{0x00, 0x00, 0x00, 0x00, 0x00, 0x00, 0x00, 0x00, 0x00, 0x00, 0xff, 0xff, 0x2f, 0x34, 0x0a, 0x53}, port: 8333},
	{addr: [16]byte{0x00, 0x00, 0x00, 0x00, 0x00, 0x00, 0x00, 0x00, 0x00, 0x00, 0xff, 0xff, 0x2f, 0x34, 0x0a, 0x5c}, port: 8333},
	{addr: [16]byte{0x00, 0x00, 0x00, 0x00, 0x00, 0x00, 0x00, 0x00, 0x00, 0x00, 0xff, 0xff, 0x2f, 0x34, 0x0a, 0x5e}, port: 8333},
	{addr: [16]byte{0x00, 0x00, 0x00, 0x00, 0x00, 0x00, 0x00, 0x00, 0x00, 0x00, 0xff, 0xff, 0x2f, 0x34, 0x0a, 0x69}, port: 8333},
	{addr: [16]byte{0x00, 0x00, 0x00, 0x00, 0x00, 0x00, 0x00, 0x00, 0x00, 0x00, 0xff, 0xff, 0x2f, 0x34, 0x0a, 0xef}, port: 8333},
	{addr: [16]byte{0x00, 0x00, 0x00, 0x00, 0x00, 0x00, 0x00, 0x00, 0x00, 0x00, 0xff, 0xff, 0x2f, 0x34, 0x0a, 0xf4}, port: 8333},
	{addr: [16]byte{0x00, 0x00, 0x00, 0x00, 0x00, 0x00, 0x00, 0x00, 0x00, 0x00, 0xff, 0xff, 0x2f, 0x34, 0x25, 0x2a}, port: 8333},
	{addr: [16]byte{0x00, 0x00, 0x00, 0x00, 0x00, 0x00, 0x00, 0x00, 0x00, 0x00, 0xff, 0xff, 0x2f, 0x34, 0x26, 0x61}, port: 8333},
	{addr: [16]byte{0x00, 0x00, 0x00, 0x00, 0x00, 0x00, 0x00, 0x00, 0x00, 0x00, 0xff, 0xff, 0x2f, 0x34, 0x6a, 0xfd}, port: 8333},
	{addr: [16]byte{0x00, 0x00, 0x00, 0x00, 0x00, 0x00, 0x00, 0x00, 0x00, 0x00, 0xff, 0xff, 0x2f, 0x4a, 0x0a, 0xe3}, port: 8363},
	{addr: [16]byte{0x00, 0x00, 0x00, 0x00, 0x00, 0x00, 0x00, 0x00, 0x00, 0x00, 0xff, 0xff, 0x2f, 0x58, 0x20, 0xce}, port: 8333},
	{addr: [16]byte{0x00, 0x00, 0x00, 0x00, 0x00, 0x00, 0x00, 0x00, 0x00, 0x00, 0xff, 0xff, 0x2f, 0x58, 0x20, 0xeb}, port: 8333},
	{addr: [16]byte{0x00, 0x00, 0x00, 0x00, 0x00, 0x00, 0x00, 0x00, 0x00, 0x00, 0xff, 0xff, 0x2f, 0x58, 0x20, 0xf9}, port: 8333},
	{addr: [16]byte{0x00, 0x00, 0x00, 0x00, 0x00, 0x00, 0x00, 0x00, 0x00, 0x00, 0xff, 0xff, 0x2f, 0x58, 0x21, 0x00}, port: 8333},
	{addr: [16]byte{0x00, 0x00, 0x00, 0x00, 0x00, 0x00, 0x00, 0x00, 0x00, 0x00, 0xff, 0xff, 0x2f, 0x58, 0x21, 0x33}, port: 8333},
	{addr: [16]byte{0x00, 0x00, 0x00, 0x00, 0x00, 0x00, 0x00, 0x00, 0x00, 0x00, 0xff, 0xff, 0x2f, 0x58, 0x21, 0x3c}, port: 8333},
	{addr: [16]byte{0x00, 0x00, 0x00, 0x00, 0x00, 0x00, 0x00, 0x00, 0x00, 0x00, 0xff, 0xff, 0x2f, 0x58, 0x21, 0xa9}, port: 8333},
	{addr: [16]byte{0x00, 0x00, 0x00, 0x00, 0x00, 0x00, 0x00, 0x00, 0x00, 0x00, 0xff, 0xff, 0x2f, 0x58, 0x21, 0xcd}, port: 8333},
	{addr: [16]byte{0x00, 0x00, 0x00, 0x00, 0x00, 0x00, 0x00, 0x00, 0x00, 0x00, 0xff, 0xff, 0x2f, 0x58, 0x21, 0xd7}, port: 8333},
	{addr: [16]byte{0x00, 0x00, 0x00, 0x00, 0x00, 0x00, 0x00, 0x00, 0x00, 0x00, 0xff, 0xff, 0x2f, 0x58, 0x21, 0xf8}, port: 8333},
	{addr: [16]byte{0x00, 0x00, 0x00, 0x00, 0x00, 0x00, 0x00, 0x00, 0x00, 0x00, 0xff, 0xff, 0x2f, 0x58, 0x22, 0x15}, port: 8333},
	{addr: [16]byte{0x00, 0x00, 0x00, 0x00, 0x00, 0x00, 0x00, 0x00, 0x00, 0x00, 0xff, 0xff, 0x2f, 0x58, 0x22, 0x1a}, port: 8333},
	{addr: [16]byte{0x00, 0x00, 0x00, 0x00, 0x00, 0x00, 0x00, 0x00, 0x00, 0x00, 0xff, 0xff, 0x2f, 0x58, 0x22, 0x79}, port: 8333},
	{addr: [16]byte{0x00, 0x00, 0x00, 0x00, 0x00, 0x00, 0x00, 0x00, 0x00, 0x00, 0xff, 0xff, 0x2f, 0x58, 0x22, 0x83}, port: 8333},
	{addr: [16]byte{0x00, 0x00, 0x00, 0x00, 0x00, 0x00, 0x00, 0x00, 0x00, 0x00, 0xff, 0xff, 0x2f, 0x58, 0x22, 0x8e}, port: 8333},
	{addr: [16]byte{0x00, 0x00, 0x00, 0x00, 0x00, 0x00, 0x00, 0x00, 0x00, 0x00, 0xff, 0xff, 0x2f, 0x58, 0x22, 0xaf}, port: 8333},
	{addr: [16]byte{0x00, 0x00, 0x00, 0x00, 0x00, 0x00, 0x00, 0x00, 0x00, 0x00, 0xff, 0xff, 0x2f, 0x58, 0x22, 0xbe}, port: 8333},
	{addr: [16]byte{0x00, 0x00, 0x00, 0x00, 0x00, 0x00, 0x00, 0x00, 0x00, 0x00, 0xff, 0xff, 0x2f, 0x58, 0x22, 0xf8}, port: 8333},
	{addr: [16]byte{0x00, 0x00, 0x00, 0x00, 0x00, 0x00, 0x00, 0x00, 0x00, 0x00, 0xff, 0xff, 0x2f, 0x58, 0x4c, 0x86}, port: 8333},
	{addr: [16]byte{0x00, 0x00, 0x00, 0x00, 0x00, 0x00, 0x00, 0x00, 0x00, 0x00, 0xff, 0xff, 0x2f, 0x58, 0x4c, 0xbe}, port: 8333},
	{addr: [16]byte{0x00, 0x00, 0x00, 0x00, 0x00, 0x00, 0x00, 0x00, 0x00, 0x00, 0xff, 0xff, 0x2f, 0x58, 0x4c, 0xd3}, port: 8333},
	{addr: [16]byte{0x00, 0x00, 0x00, 0x00, 0x00, 0x00, 0x00, 0x00, 0x00, 0x00, 0xff, 0xff, 0x2f, 0x58, 0x4d, 0x0d}, port: 8333},
	{addr: [16]byte{0x00, 0x00, 0x00, 0x00, 0x00, 0x00, 0x00, 0x00, 0x00, 0x00, 0xff, 0xff, 0x2f, 0x58, 0x4d, 0x2a}, port: 8333},
	{addr: [16]byte{0x00, 0x00, 0x00, 0x00, 0x00, 0x00, 0x00, 0x00, 0x00, 0x00, 0xff, 0xff, 0x2f, 0x58, 0x4d, 0xb2}, port: 8333},
	{addr: [16]byte{0x00, 0x00, 0x00, 0x00, 0x00, 0x00, 0x00, 0x00, 0x00, 0x00, 0xff, 0xff, 0x2f, 0x58, 0x4d, 0xf4}, port: 8333},
	{addr: [16]byte{0x00, 0x00, 0x00, 0x00, 0x00, 0x00, 0x00, 0x00, 0x00, 0x00, 0xff, 0xff, 0x2f, 0x58, 0x4e, 0x0e}, port: 8333},
	{addr: [16]byte{0x00, 0x00, 0x00, 0x00, 0x00, 0x00, 0x00, 0x00, 0x00, 0x00, 0xff, 0xff, 0x2f, 0x58, 0x4e, 0x74}, port: 8333},
	{addr: [16]byte{0x00, 0x00, 0x00, 0x00, 0x00, 0x00, 0x00, 0x00, 0x00, 0x00, 0xff, 0xff, 0x2f, 0x58, 0x4e, 0x78}, port: 8333},
	{addr: [16]byte{0x00, 0x00, 0x00, 0x00, 0x00, 0x00, 0x00, 0x00, 0x00, 0x00, 0xff, 0xff, 0x2f, 0x58, 0x4e, 0xbb}, port: 8333},
	{addr: [16]byte{0x00, 0x00, 0x00, 0x00, 0x00, 0x00, 0x00, 0x00, 0x00, 0x00, 0xff, 0xff, 0x2f, 0x58, 0x4e, 0xe4}, port: 8333},
	{addr: [16]byte{0x00, 0x00, 0x00, 0x00, 0x00, 0x00, 0x00, 0x00, 0x00, 0x00, 0xff, 0xff, 0x2f, 0x58, 0x4e, 0xf1}, port: 8333},
	{addr: [16]byte{0x00, 0x00, 0x00, 0x00, 0x00, 0x00, 0x00, 0x00, 0x00, 0x00, 0xff, 0xff, 0x2f, 0x58, 0x4f, 0x2a}, port: 8333},
	{addr: [16]byte{0x00, 0x00, 0x00, 0x00, 0x00, 0x00, 0x00, 0x00, 0x00, 0x00, 0xff, 0xff, 0x2f, 0x58, 0x4f, 0x30}, port: 8333},
	{addr: [16]byte{0x00, 0x00, 0x00, 0x00, 0x00, 0x00, 0x00, 0x00, 0x00, 0x00, 0xff, 0xff, 0x2f, 0x58, 0x4f, 0x40}, port: 8333},
	{addr: [16]byte{0x00, 0x00, 0x00, 0x00, 0x00, 0x00, 0x00, 0x00, 0x00, 0x00, 0xff, 0xff, 0x2f, 0x58, 0x4f, 0x58}, port: 8333},
	{addr: [16]byte{0x00, 0x00, 0x00, 0x00, 0x00, 0x00, 0x00, 0x00, 0x00, 0x00, 0xff, 0xff, 0x2f, 0x58, 0x4f, 0x5e}, port: 8333},
	{addr: [16]byte{0x00, 0x00, 0x00, 0x00, 0x00, 0x00, 0x00, 0x00, 0x00, 0x00, 0xff, 0xff, 0x2f, 0x58, 0xbc, 0x05}, port: 8333},
	{addr: [16]byte{0x00, 0x00, 0x00, 0x00, 0x00, 0x00, 0x00, 0x00, 0x00, 0x00, 0xff, 0xff, 0x2f, 0x58, 0xbc, 0x06}, port: 8333},
	{addr: [16]byte{0x00, 0x00, 0x00, 0x00, 0x00, 0x00, 0x00, 0x00, 0x00, 0x00, 0xff, 0xff, 0x2f, 0x58, 0xbc, 0x0f}, port: 8333},
	{addr: [16]byte{0x00, 0x00, 0x00, 0x00, 0x00, 0x00, 0x00, 0x00, 0x00, 0x00, 0xff, 0xff, 0x2f, 0x58, 0xbc, 0x40}, port: 8333},
	{addr: [16]byte{0x00, 0x00, 0x00, 0x00, 0x00, 0x00, 0x00, 0x00, 0x00, 0x00, 0xff, 0xff, 0x2f, 0x58, 0xbc, 0x61}, port: 8333},
	{addr: [16]byte{0x00, 0x00, 0x00, 0x00, 0x00, 0x00, 0x00, 0x00, 0x00, 0x00, 0xff, 0xff, 0x2f, 0x58, 0xbc, 0x89}, port: 8333},
	{addr: [16]byte{0x00, 0x00, 0x00, 0x00, 0x00, 0x00, 0x00, 0x00, 0x00, 0x00, 0xff, 0xff, 0x2f, 0x58, 0xbc, 0xad}, port: 8333},
	{addr: [16]byte{0x00, 0x00, 0x00, 0x00, 0x00, 0x00, 0x00, 0x00, 0x00, 0x00, 0xff, 0xff, 0x2f, 0x58, 0xbc, 0xbb}, port: 8333},
	{addr: [16]byte{0x00, 0x00, 0x00, 0x00, 0x00, 0x00, 0x00, 0x00, 0x00, 0x00, 0xff, 0xff, 0x2f, 0x58, 0xbc, 0xc9}, port: 8333},
	{addr: [16]byte{0x00, 0x00, 0x00, 0x00, 0x00, 0x00, 0x00, 0x00, 0x00, 0x00, 0xff, 0xff, 0x2f, 0x58, 0xbc, 0xe7}, port: 8333},
	{addr: [16]byte{0x00, 0x00, 0x00, 0x00, 0x00, 0x00, 0x00, 0x00, 0x00, 0x00, 0xff, 0xff, 0x2f, 0x58, 0xbc, 0xf6}, port: 8333},
	{addr: [16]byte{0x00, 0x00, 0x00, 0x00, 0x00, 0x00, 0x00, 0x00, 0x00, 0x00, 0xff, 0xff, 0x2f, 0x58, 0xbd, 0x02}, port: 8333},
	{addr: [16]byte{0x00, 0x00, 0x00, 0x00, 0x00, 0x00, 0x00, 0x00, 0x00, 0x00, 0xff, 0xff, 0x2f, 0x58, 0xbd, 0x41}, port: 8333},
	{addr: [16]byte{0x00, 0x00, 0x00, 0x00, 0x00, 0x00, 0x00, 0x00, 0x00, 0x00, 0xff, 0xff, 0x2f, 0x58, 0xbd, 0x5c}, port: 8333},
	{addr: [16]byte{0x00, 0x00, 0x00, 0x00, 0x00, 0x00, 0x00, 0x00, 0x00, 0x00, 0xff, 0xff, 0x2f, 0x58, 0xbd, 0x86}, port: 8333},
	{addr: [16]byte{0x00, 0x00, 0x00, 0x00, 0x00, 0x00, 0x00, 0x00, 0x00, 0x00, 0xff, 0xff, 0x2f, 0x58, 0xbd, 0xb4}, port: 8333},
	{addr: [16]byte{0x00, 0x00, 0x00, 0x00, 0x00, 0x00, 0x00, 0x00, 0x00, 0x00, 0xff, 0xff, 0x2f, 0x58, 0xbd, 0xc9}, port: 8333},
	{addr: [16]byte{0x00, 0x00, 0x00, 0x00, 0x00, 0x00, 0x00, 0x00, 0x00, 0x00, 0xff, 0xff, 0x2f, 0x58, 0xbe, 0x0a}, port: 8333},
	{addr: [16]byte{0x00, 0x00, 0x00, 0x00, 0x00, 0x00, 0x00, 0x00, 0x00, 0x00, 0xff, 0xff, 0x2f, 0x58, 0xbe, 0x5a}, port: 8333},
	{addr: [16]byte{0x00, 0x00, 0x00, 0x00, 0x00, 0x00, 0x00, 0x00, 0x00, 0x00, 0xff, 0xff, 0x2f, 0x58, 0xbe, 0x71}, port: 8333},
	{addr: [16]byte{0x00, 0x00, 0x00, 0x00, 0x00, 0x00, 0x00, 0x00, 0x00, 0x00, 0xff, 0xff, 0x2f, 0x58, 0xbe, 0xe1}, port: 8333},
	{addr: [16]byte{0x00, 0x00, 0x00, 0x00, 0x00, 0x00, 0x00, 0x00, 0x00, 0x00, 0xff, 0xff, 0x2f, 0x58, 0xbf, 0x6a}, port: 8333},
	{addr: [16]byte{0x00, 0x00, 0x00, 0x00, 0x00, 0x00, 0x00, 0x00, 0x00, 0x00, 0xff, 0xff, 0x2f, 0x58, 0xbf, 0x8e}, port: 8333},
	{addr: [16]byte{0x00, 0x00, 0x00, 0x00, 0x00, 0x00, 0x00, 0x00, 0x00, 0x00, 0xff, 0xff, 0x2f, 0x58, 0xbf, 0xd1}, port: 8333},
	{addr: [16]byte{0x00, 0x00, 0x00, 0x00, 0x00, 0x00, 0x00, 0x00, 0x00, 0x00, 0xff, 0xff, 0x2f, 0x58, 0xc0, 0x7a}, port: 8333},
	{addr: [16]byte{0x00, 0x00, 0x00, 0x00, 0x00, 0x00, 0x00, 0x00, 0x00, 0x00, 0xff, 0xff, 0x2f, 0x58, 0xc0, 0xb3}, port: 8333},
	{addr: [16]byte{0x00, 0x00, 0x00, 0x00, 0x00, 0x00, 0x00, 0x00, 0x00, 0x00, 0xff, 0xff, 0x2f, 0x58, 0xc0, 0xc9}, port: 8333},
	{addr: [16]byte{0x00, 0x00, 0x00, 0x00, 0x00, 0x00, 0x00, 0x00, 0x00, 0x00, 0xff, 0xff, 0x2f, 0x58, 0xc0, 0xdf}, port: 8333},
	{addr: [16]byte{0x00, 0x00, 0x00, 0x00, 0x00, 0x00, 0x00, 0x00, 0x00, 0x00, 0xff, 0xff, 0x2f, 0x58, 0xc0, 0xed}, port: 8333},
	{addr: [16]byte{0x00, 0x00, 0x00, 0x00, 0x00, 0x00, 0x00, 0x00, 0x00, 0x00, 0xff, 0xff, 0x2f, 0x58, 0xc1, 0x16}, port: 8333},
	{addr: [16]byte{0x00, 0x00, 0x00, 0x00, 0x00, 0x00, 0x00, 0x00, 0x00, 0x00, 0xff, 0xff, 0x2f, 0x58, 0xc1, 0x5d}, port: 8333},
	{addr: [16]byte{0x00, 0x00, 0x00, 0x00, 0x00, 0x00, 0x00, 0x00, 0x00, 0x00, 0xff, 0xff, 0x2f, 0x59, 0xb1, 0x86}, port: 8333},
	{addr: [16]byte{0x00, 0x00, 0x00, 0x00, 0x00, 0x00, 0x00, 0x00, 0x00, 0x00, 0xff, 0xff, 0x2f, 0x59, 0xb4, 0xa2}, port: 8333},
	{addr: [16]byte{0x00, 0x00, 0x00, 0x00, 0x00, 0x00, 0x00, 0x00, 0x00, 0x00, 0xff, 0xff, 0x2f, 0x59, 0xb9, 0x96}, port: 8363},
	{addr: [16]byte{0x00, 0x00, 0x00, 0x00, 0x00, 0x00, 0x00, 0x00, 0x00, 0x00, 0xff, 0xff, 0x2f, 0x59, 0xf8, 0x73}, port: 8363},
	{addr: [16]byte{0x00, 0x00, 0x00, 0x00, 0x00, 0x00, 0x00, 0x00, 0x00, 0x00, 0xff, 0xff, 0x2f, 0x5a, 0x0c, 0xee}, port: 8333},
	{addr: [16]byte{0x00, 0x00, 0x00, 0x00, 0x00, 0x00, 0x00, 0x00, 0x00, 0x00, 0xff, 0xff, 0x2f, 0x5a, 0x66, 0x46}, port: 8333},
	{addr: [16]byte{0x00, 0x00, 0x00, 0x00, 0x00, 0x00, 0x00, 0x00, 0x00, 0x00, 0xff, 0xff, 0x2f, 0x5a, 0xcc, 0xf1}, port: 8333},
	{addr: [16]byte{0x00, 0x00, 0x00, 0x00, 0x00, 0x00, 0x00, 0x00, 0x00, 0x00, 0xff, 0xff, 0x2f, 0x5a, 0xd0, 0xfe}, port: 8333},
	{addr: [16]byte{0x00, 0x00, 0x00, 0x00, 0x00, 0x00, 0x00, 0x00, 0x00, 0x00, 0xff, 0xff, 0x2f, 0x5b, 0x58, 0xe9}, port: 8363},
	{addr: [16]byte{0x00, 0x00, 0x00, 0x00, 0x00, 0x00, 0x00, 0x00, 0x00, 0x00, 0xff, 0xff, 0x2f, 0x5b, 0x6c, 0x77}, port: 8363},
	{addr: [16]byte{0x00, 0x00, 0x00, 0x00, 0x00, 0x00, 0x00, 0x00, 0x00, 0x00, 0xff, 0xff, 0x2f, 0x5c, 0xa7, 0x34}, port: 8363},
	{addr: [16]byte{0x00, 0x00, 0x00, 0x00, 0x00, 0x00, 0x00, 0x00, 0x00, 0x00, 0xff, 0xff, 0x2f, 0x5d, 0x5a, 0xc2}, port: 8333},
	{addr: [16]byte{0x00, 0x00, 0x00, 0x00, 0x00, 0x00, 0x00, 0x00, 0x00, 0x00, 0xff, 0xff, 0x2f, 0x5d, 0x72, 0xe5}, port: 8333},
	{addr: [16]byte{0x00, 0x00, 0x00, 0x00, 0x00, 0x00, 0x00, 0x00, 0x00, 0x00, 0xff, 0xff, 0x2f, 0x5d, 0x74, 0x8a}, port: 8333},
	{addr: [16]byte{0x00, 0x00, 0x00, 0x00, 0x00, 0x00, 0x00, 0x00, 0x00, 0x00, 0xff, 0xff, 0x2f, 0x5d, 0x78, 0x85}, port: 8333},
	{addr: [16]byte{0x00, 0x00, 0x00, 0x00, 0x00, 0x00, 0x00, 0x00, 0x00, 0x00, 0xff, 0xff, 0x2f, 0x5d, 0x7a, 0xe3}, port: 8333},
	{addr: [16]byte{0x00, 0x00, 0x00, 0x00, 0x00, 0x00, 0x00, 0x00, 0x00, 0x00, 0xff, 0xff, 0x2f, 0x5d, 0x7b, 0xc1}, port: 8333},
	{addr: [16]byte{0x00, 0x00, 0x00, 0x00, 0x00, 0x00, 0x00, 0x00, 0x00, 0x00, 0xff, 0xff, 0x2f, 0x5d, 0x7b, 0xe4}, port: 8333},
	{addr: [16]byte{0x00, 0x00, 0x00, 0x00, 0x00, 0x00, 0x00, 0x00, 0x00, 0x00, 0xff, 0xff, 0x2f, 0x5d, 0x7d, 0x18}, port: 8333},
	{addr: [16]byte{0x00, 0x00, 0x00, 0x00, 0x00, 0x00, 0x00, 0x00, 0x00, 0x00, 0xff, 0xff, 0x2f, 0x5d, 0x7d, 0x6d}, port: 8333},
	{addr: [16]byte{0x00, 0x00, 0x00, 0x00, 0x00, 0x00, 0x00, 0x00, 0x00, 0x00, 0xff, 0xff, 0x2f, 0x5d, 0x89, 0xc5}, port: 8333},
	{addr: [16]byte{0x00, 0x00, 0x00, 0x00, 0x00, 0x00, 0x00, 0x00, 0x00, 0x00, 0xff, 0xff, 0x2f, 0x5d, 0x8a, 0x80}, port: 8333},
	{addr: [16]byte{0x00, 0x00, 0x00, 0x00, 0x00, 0x00, 0x00, 0x00, 0x00, 0x00, 0xff, 0xff, 0x2f, 0x5d, 0x8a, 0x8c}, port: 8333},
	{addr: [16]byte{0x00, 0x00, 0x00, 0x00, 0x00, 0x00, 0x00, 0x00, 0x00, 0x00, 0xff, 0xff, 0x2f, 0x5d, 0x8a, 0xa3}, port: 8333},
	{addr: [16]byte{0x00, 0x00, 0x00, 0x00, 0x00, 0x00, 0x00, 0x00, 0x00, 0x00, 0xff, 0xff, 0x2f, 0x5d, 0x8a, 0xc2}, port: 8333},
	{addr: [16]byte{0x00, 0x00, 0x00, 0x00, 0x00, 0x00, 0x00, 0x00, 0x00, 0x00, 0xff, 0xff, 0x2f, 0x5d, 0x8a, 0xc3}, port: 8333},
	{addr: [16]byte{0x00, 0x00, 0x00, 0x00, 0x00, 0x00, 0x00, 0x00, 0x00, 0x00, 0xff, 0xff, 0x2f, 0x5d, 0x8a, 0xc5}, port: 8333},
	{addr: [16]byte{0x00, 0x00, 0x00, 0x00, 0x00, 0x00, 0x00, 0x00, 0x00, 0x00, 0xff, 0xff, 0x2f, 0x5d, 0x8a, 0xd5}, port: 8333},
	{addr: [16]byte{0x00, 0x00, 0x00, 0x00, 0x00, 0x00, 0x00, 0x00, 0x00, 0x00, 0xff, 0xff, 0x2f, 0x5d, 0x8b, 0x22}, port: 8333},
	{addr: [16]byte{0x00, 0x00, 0x00, 0x00, 0x00, 0x00, 0x00, 0x00, 0x00, 0x00, 0xff, 0xff, 0x2f, 0x5d, 0x8b, 0x43}, port: 8333},
	{addr: [16]byte{0x00, 0x00, 0x00, 0x00, 0x00, 0x00, 0x00, 0x00, 0x00, 0x00, 0xff, 0xff, 0x2f, 0x5d, 0xae, 0x3d}, port: 8333},
	{addr: [16]byte{0x00, 0x00, 0x00, 0x00, 0x00, 0x00, 0x00, 0x00, 0x00, 0x00, 0xff, 0xff, 0x2f, 0x5e, 0x24, 0x78}, port: 8333},
	{addr: [16]byte{0x00, 0x00, 0x00, 0x00, 0x00, 0x00, 0x00, 0x00, 0x00, 0x00, 0xff, 0xff, 0x2f, 0x5e, 0x24, 0xfa}, port: 8333},
	{addr: [16]byte{0x00, 0x00, 0x00, 0x00, 0x00, 0x00, 0x00, 0x00, 0x00, 0x00, 0xff, 0xff, 0x2f, 0x5e, 0x25, 0x39}, port: 8333},
	{addr: [16]byte{0x00, 0x00, 0x00, 0x00, 0x00, 0x00, 0x00, 0x00, 0x00, 0x00, 0xff, 0xff, 0x2f, 0x5e, 0x25, 0x64}, port: 8333},
	{addr: [16]byte{0x00, 0x00, 0x00, 0x00, 0x00, 0x00, 0x00, 0x00, 0x00, 0x00, 0xff, 0xff, 0x2f, 0x5e, 0x25, 0x69}, port: 8333},
	{addr: [16]byte{0x00, 0x00, 0x00, 0x00, 0x00, 0x00, 0x00, 0x00, 0x00, 0x00, 0xff, 0xff, 0x2f, 0x5e, 0x25, 0x6f}, port: 8333},
	{addr: [16]byte{0x00, 0x00, 0x00, 0x00, 0x00, 0x00, 0x00, 0x00, 0x00, 0x00, 0xff, 0xff, 0x2f, 0x5e, 0x25, 0x86}, port: 8333},
	{addr: [16]byte{0x00, 0x00, 0x00, 0x00, 0x00, 0x00, 0x00, 0x00, 0x00, 0x00, 0xff, 0xff, 0x2f, 0x5e, 0x25, 0x89}, port: 8333},
	{addr: [16]byte{0x00, 0x00, 0x00, 0x00, 0x00, 0x00, 0x00, 0x00, 0x00, 0x00, 0xff, 0xff, 0x2f, 0x5e, 0x25, 0x8b}, port: 8333},
	{addr: [16]byte{0x00, 0x00, 0x00, 0x00, 0x00, 0x00, 0x00, 0x00, 0x00, 0x00, 0xff, 0xff, 0x2f, 0x5e, 0x25, 0x93}, port: 8333},
	{addr: [16]byte{0x00, 0x00, 0x00, 0x00, 0x00, 0x00, 0x00, 0x00, 0x00, 0x00, 0xff, 0xff, 0x2f, 0x5e, 0x25, 0x96}, port: 8333},
	{addr: [16]byte{0x00, 0x00, 0x00, 0x00, 0x00, 0x00, 0x00, 0x00, 0x00, 0x00, 0xff, 0xff, 0x2f, 0x5e, 0x25, 0x97}, port: 8333},
	{addr: [16]byte{0x00, 0x00, 0x00, 0x00, 0x00, 0x00, 0x00, 0x00, 0x00, 0x00, 0xff, 0xff, 0x2f, 0x5e, 0x25, 0x98}, port: 8333},
	{addr: [16]byte{0x00, 0x00, 0x00, 0x00, 0x00, 0x00, 0x00, 0x00, 0x00, 0x00, 0xff, 0xff, 0x2f, 0x5e, 0x25, 0xfe}, port: 8333},
	{addr: [16]byte{0x00, 0x00, 0x00, 0x00, 0x00, 0x00, 0x00, 0x00, 0x00, 0x00, 0xff, 0xff, 0x2f, 0x5e, 0x26, 0x05}, port: 8333},
	{addr: [16]byte{0x00, 0x00, 0x00, 0x00, 0x00, 0x00, 0x00, 0x00, 0x00, 0x00, 0xff, 0xff, 0x2f, 0x5e, 0x27, 0x57}, port: 8333},
	{addr: [16]byte{0x00, 0x00, 0x00, 0x00, 0x00, 0x00, 0x00, 0x00, 0x00, 0x00, 0xff, 0xff, 0x2f, 0x5e, 0x28, 0x68}, port: 8333},
	{addr: [16]byte{0x00, 0x00, 0x00, 0x00, 0x00, 0x00, 0x00, 0x00, 0x00, 0x00, 0xff, 0xff, 0x2f, 0x5e, 0x29, 0x3a}, port: 8333},
	{addr: [16]byte{0x00, 0x00, 0x00, 0x00, 0x00, 0x00, 0x00, 0x00, 0x00, 0x00, 0xff, 0xff, 0x2f, 0x5e, 0x2b, 0x16}, port: 8333},
	{addr: [16]byte{0x00, 0x00, 0x00, 0x00, 0x00, 0x00, 0x00, 0x00, 0x00, 0x00, 0xff, 0xff, 0x2f, 0x5e, 0x2b, 0x8a}, port: 8333},
	{addr: [16]byte{0x00, 0x00, 0x00, 0x00, 0x00, 0x00, 0x00, 0x00, 0x00, 0x00, 0xff, 0xff, 0x2f, 0x5e, 0x2b, 0xc1}, port: 8333},
	{addr: [16]byte{0x00, 0x00, 0x00, 0x00, 0x00, 0x00, 0x00, 0x00, 0x00, 0x00, 0xff, 0xff, 0x2f, 0x5e, 0x2b, 0xd9}, port: 8333},
	{addr: [16]byte{0x00, 0x00, 0x00, 0x00, 0x00, 0x00, 0x00, 0x00, 0x00, 0x00, 0xff, 0xff, 0x2f, 0x5e, 0x2c, 0xe0}, port: 8333},
	{addr: [16]byte{0x00, 0x00, 0x00, 0x00, 0x00, 0x00, 0x00, 0x00, 0x00, 0x00, 0xff, 0xff, 0x2f, 0x5e, 0x2d, 0xb8}, port: 8333},
	{addr: [16]byte{0x00, 0x00, 0x00, 0x00, 0x00, 0x00, 0x00, 0x00, 0x00, 0x00, 0xff, 0xff, 0x2f, 0x5e, 0x2e, 0x1f}, port: 8333},
	{addr: [16]byte{0x00, 0x00, 0x00, 0x00, 0x00, 0x00, 0x00, 0x00, 0x00, 0x00, 0xff, 0xff, 0x2f, 0x5e, 0x2e, 0xdb}, port: 8333},
	{addr: [16]byte{0x00, 0x00, 0x00, 0x00, 0x00, 0x00, 0x00, 0x00, 0x00, 0x00, 0xff, 0xff, 0x2f, 0x5e, 0x2e, 0xe0}, port: 8333},
	{addr: [16]byte{0x00, 0x00, 0x00, 0x00, 0x00, 0x00, 0x00, 0x00, 0x00, 0x00, 0xff, 0xff, 0x2f, 0x5e, 0x2f, 0x5f}, port: 8333},
	{addr: [16]byte{0x00, 0x00, 0x00, 0x00, 0x00, 0x00, 0x00, 0x00, 0x00, 0x00, 0xff, 0xff, 0x2f, 0x5e, 0x2f, 0x98}, port: 8333},
	{addr: [16]byte{0x00, 0x00, 0x00, 0x00, 0x00, 0x00, 0x00, 0x00, 0x00, 0x00, 0xff, 0xff, 0x2f, 0x5e, 0x2f, 0xca}, port: 8333},
	{addr: [16]byte{0x00, 0x00, 0x00, 0x00, 0x00, 0x00, 0x00, 0x00, 0x00, 0x00, 0xff, 0xff, 0x2f, 0x5e, 0x2f, 0xd1}, port: 8333},
	{addr: [16]byte{0x00, 0x00, 0x00, 0x00, 0x00, 0x00, 0x00, 0x00, 0x00, 0x00, 0xff, 0xff, 0x2f, 0x5e, 0x2f, 0xd8}, port: 8333},
	{addr: [16]byte{0x00, 0x00, 0x00, 0x00, 0x00, 0x00, 0x00, 0x00, 0x00, 0x00, 0xff, 0xff, 0x2f, 0x5e, 0x38, 0xe8}, port: 8333},
	{addr: [16]byte{0x00, 0x00, 0x00, 0x00, 0x00, 0x00, 0x00, 0x00, 0x00, 0x00, 0xff, 0xff, 0x2f, 0x5e, 0x39, 0x1b}, port: 8333},
	{addr: [16]byte{0x00, 0x00, 0x00, 0x00, 0x00, 0x00, 0x00, 0x00, 0x00, 0x00, 0xff, 0xff, 0x2f, 0x5e, 0x39, 0x44}, port: 8333},
	{addr: [16]byte{0x00, 0x00, 0x00, 0x00, 0x00, 0x00, 0x00, 0x00, 0x00, 0x00, 0xff, 0xff, 0x2f, 0x5e, 0x39, 0x5c}, port: 8333},
	{addr: [16]byte{0x00, 0x00, 0x00, 0x00, 0x00, 0x00, 0x00, 0x00, 0x00, 0x00, 0xff, 0xff, 0x2f, 0x5e, 0x39, 0x5f}, port: 8333},
	{addr: [16]byte{0x00, 0x00, 0x00, 0x00, 0x00, 0x00, 0x00, 0x00, 0x00, 0x00, 0xff, 0xff, 0x2f, 0x5e, 0x39, 0x60}, port: 8333},
	{addr: [16]byte{0x00, 0x00, 0x00, 0x00, 0x00, 0x00, 0x00, 0x00, 0x00, 0x00, 0xff, 0xff, 0x2f, 0x5e, 0x39, 0x72}, port: 8333},
	{addr: [16]byte{0x00, 0x00, 0x00, 0x00, 0x00, 0x00, 0x00, 0x00, 0x00, 0x00, 0xff, 0xff, 0x2f, 0x5e, 0x39, 0x79}, port: 8333},
	{addr: [16]byte{0x00, 0x00, 0x00, 0x00, 0x00, 0x00, 0x00, 0x00, 0x00, 0x00, 0xff, 0xff, 0x2f, 0x5e, 0x39, 0x80}, port: 8333},
	{addr: [16]byte{0x00, 0x00, 0x00, 0x00, 0x00, 0x00, 0x00, 0x00, 0x00, 0x00, 0xff, 0xff, 0x2f, 0x5e, 0x39, 0x8b}, port: 8333},
	{addr: [16]byte{0x00, 0x00, 0x00, 0x00, 0x00, 0x00, 0x00, 0x00, 0x00, 0x00, 0xff, 0xff, 0x2f, 0x5e, 0x39, 0x8c}, port: 8333},
	{addr: [16]byte{0x00, 0x00, 0x00, 0x00, 0x00, 0x00, 0x00, 0x00, 0x00, 0x00, 0xff, 0xff, 0x2f, 0x5e, 0x39, 0x91}, port: 8333},
	{addr: [16]byte{0x00, 0x00, 0x00, 0x00, 0x00, 0x00, 0x00, 0x00, 0x00, 0x00, 0xff, 0xff, 0x2f, 0x5e, 0x39, 0x92}, port: 8333},
	{addr: [16]byte{0x00, 0x00, 0x00, 0x00, 0x00, 0x00, 0x00, 0x00, 0x00, 0x00, 0xff, 0xff, 0x2f, 0x5e, 0x39, 0x95}, port: 8333},
	{addr: [16]byte{0x00, 0x00, 0x00, 0x00, 0x00, 0x00, 0x00, 0x00, 0x00, 0x00, 0xff, 0xff, 0x2f, 0x5e, 0x39, 0x97}, port: 8333},
	{addr: [16]byte{0x00, 0x00, 0x00, 0x00, 0x00, 0x00, 0x00, 0x00, 0x00, 0x00, 0xff, 0xff, 0x2f, 0x5e, 0x39, 0x98}, port: 8333},
	{addr: [16]byte{0x00, 0x00, 0x00, 0x00, 0x00, 0x00, 0x00, 0x00, 0x00, 0x00, 0xff, 0xff, 0x2f, 0x5e, 0x39, 0x9b}, port: 8333},
	{addr: [16]byte{0x00, 0x00, 0x00, 0x00, 0x00, 0x00, 0x00, 0x00, 0x00, 0x00, 0xff, 0xff, 0x2f, 0x5e, 0x39, 0x9c}, port: 8333},
	{addr: [16]byte{0x00, 0x00, 0x00, 0x00, 0x00, 0x00, 0x00, 0x00, 0x00, 0x00, 0xff, 0xff, 0x2f, 0x5e, 0x39, 0xa1}, port: 8333},
	{addr: [16]byte{0x00, 0x00, 0x00, 0x00, 0x00, 0x00, 0x00, 0x00, 0x00, 0x00, 0xff, 0xff, 0x2f, 0x5e, 0x3a, 0x92}, port: 8333},
	{addr: [16]byte{0x00, 0x00, 0x00, 0x00, 0x00, 0x00, 0x00, 0x00, 0x00, 0x00, 0xff, 0xff, 0x2f, 0x5e, 0x3a, 0xc2}, port: 8333},
	{addr: [16]byte{0x00, 0x00, 0x00, 0x00, 0x00, 0x00, 0x00, 0x00, 0x00, 0x00, 0xff, 0xff, 0x2f, 0x5e, 0x85, 0xfc}, port: 8333},
	{addr: [16]byte{0x00, 0x00, 0x00, 0x00, 0x00, 0x00, 0x00, 0x00, 0x00, 0x00, 0xff, 0xff, 0x2f, 0x5f, 0x20, 0x09}, port: 8333},
	{addr: [16]byte{0x00, 0x00, 0x00, 0x00, 0x00, 0x00, 0x00, 0x00, 0x00, 0x00, 0xff, 0xff, 0x2f, 0x5f, 0x20, 0x25}, port: 8333},
	{addr: [16]byte{0x00, 0x00, 0x00, 0x00, 0x00, 0x00, 0x00, 0x00, 0x00, 0x00, 0xff, 0xff, 0x2f, 0x5f, 0x20, 0x31}, port: 8333},
	{addr: [16]byte{0x00, 0x00, 0x00, 0x00, 0x00, 0x00, 0x00, 0x00, 0x00, 0x00, 0xff, 0xff, 0x2f, 0x5f, 0x20, 0x51}, port: 8333},
	{addr: [16]byte{0x00, 0x00, 0x00, 0x00, 0x00, 0x00, 0x00, 0x00, 0x00, 0x00, 0xff, 0xff, 0x2f, 0x5f, 0x20, 0x66}, port: 8333},
	{addr: [16]byte{0x00, 0x00, 0x00, 0x00, 0x00, 0x00, 0x00, 0x00, 0x00, 0x00, 0xff, 0xff, 0x2f, 0x5f, 0x20, 0x73}, port: 8333},
	{addr: [16]byte{0x00, 0x00, 0x00, 0x00, 0x00, 0x00, 0x00, 0x00, 0x00, 0x00, 0xff, 0xff, 0x2f, 0x5f, 0x20, 0x96}, port: 8333},
	{addr: [16]byte{0x00, 0x00, 0x00, 0x00, 0x00, 0x00, 0x00, 0x00, 0x00, 0x00, 0xff, 0xff, 0x2f, 0x5f, 0x20, 0xa0}, port: 8333},
	{addr: [16]byte{0x00, 0x00, 0x00, 0x00, 0x00, 0x00, 0x00, 0x00, 0x00, 0x00, 0xff, 0xff, 0x2f, 0x5f, 0x20, 0xa8}, port: 8333},
	{addr: [16]byte{0x00, 0x00, 0x00, 0x00, 0x00, 0x00, 0x00, 0x00, 0x00, 0x00, 0xff, 0xff, 0x2f, 0x5f, 0x20, 0xaa}, port: 8333},
	{addr: [16]byte{0x00, 0x00, 0x00, 0x00, 0x00, 0x00, 0x00, 0x00, 0x00, 0x00, 0xff, 0xff, 0x2f, 0x5f, 0x20, 0xce}, port: 8333},
	{addr: [16]byte{0x00, 0x00, 0x00, 0x00, 0x00, 0x00, 0x00, 0x00, 0x00, 0x00, 0xff, 0xff, 0x2f, 0x5f, 0x20, 0xde}, port: 8333},
	{addr: [16]byte{0x00, 0x00, 0x00, 0x00, 0x00, 0x00, 0x00, 0x00, 0x00, 0x00, 0xff, 0xff, 0x2f, 0x5f, 0x21, 0x24}, port: 8333},
	{addr: [16]byte{0x00, 0x00, 0x00, 0x00, 0x00, 0x00, 0x00, 0x00, 0x00, 0x00, 0xff, 0xff, 0x2f, 0x5f, 0x22, 0xcc}, port: 8333},
	{addr: [16]byte{0x00, 0x00, 0x00, 0x00, 0x00, 0x00, 0x00, 0x00, 0x00, 0x00, 0xff, 0xff, 0x2f, 0x5f, 0x22, 0xdd}, port: 8333},
	{addr: [16]byte{0x00, 0x00, 0x00, 0x00, 0x00, 0x00, 0x00, 0x00, 0x00, 0x00, 0xff, 0xff, 0x2f, 0x5f, 0x22, 0xef}, port: 8333},
	{addr: [16]byte{0x00, 0x00, 0x00, 0x00, 0x00, 0x00, 0x00, 0x00, 0x00, 0x00, 0xff, 0xff, 0x2f, 0x5f, 0x24, 0x24}, port: 8333},
	{addr: [16]byte{0x00, 0x00, 0x00, 0x00, 0x00, 0x00, 0x00, 0x00, 0x00, 0x00, 0xff, 0xff, 0x2f, 0x5f, 0x24, 0x2b}, port: 8333},
	{addr: [16]byte{0x00, 0x00, 0x00, 0x00, 0x00, 0x00, 0x00, 0x00, 0x00, 0x00, 0xff, 0xff, 0x2f, 0x5f, 0x24, 0x77}, port: 8333},
	{addr: [16]byte{0x00, 0x00, 0x00, 0x00, 0x00, 0x00, 0x00, 0x00, 0x00, 0x00, 0xff, 0xff, 0x2f, 0x5f, 0x24, 0x7f}, port: 8333},
	{addr: [16]byte{0x00, 0x00, 0x00, 0x00, 0x00, 0x00, 0x00, 0x00, 0x00, 0x00, 0xff, 0xff, 0x2f, 0x5f, 0x24, 0x83}, port: 8333},
	{addr: [16]byte{0x00, 0x00, 0x00, 0x00, 0x00, 0x00, 0x00, 0x00, 0x00, 0x00, 0xff, 0xff, 0x2f, 0x61, 0xa7, 0xdd}, port: 8334},
	{addr: [16]byte{0x00, 0x00, 0x00, 0x00, 0x00, 0x00, 0x00, 0x00, 0x00, 0x00, 0xff, 0xff, 0x2f, 0xba, 0xcb, 0x27}, port: 8333},
	{addr: [16]byte{0x00, 0x00, 0x00, 0x00, 0x00, 0x00, 0x00, 0x00, 0x00, 0x00, 0xff, 0xff, 0x2f, 0xdd, 0xb0, 0x1b}, port: 8333},
	{addr: [16]byte{0x00, 0x00, 0x00, 0x00, 0x00, 0x00, 0x00, 0x00, 0x00, 0x00, 0xff, 0xff, 0x2f, 0xfe, 0x87, 0xa2}, port: 8363},
	{addr: [16]byte{0x00, 0x00, 0x00, 0x00, 0x00, 0x00, 0x00, 0x00, 0x00, 0x00, 0xff, 0xff, 0x2f, 0xfe, 0x90, 0x3b}, port: 8333},
	{addr: [16]byte{0x00, 0x00, 0x00, 0x00, 0x00, 0x00, 0x00, 0x00, 0x00, 0x00, 0xff, 0xff, 0x2f, 0xfe, 0x90, 0x81}, port: 8333},
	{addr: [16]byte{0x00, 0x00, 0x00, 0x00, 0x00, 0x00, 0x00, 0x00, 0x00, 0x00, 0xff, 0xff, 0x2f, 0xfe, 0xc7, 0x23}, port: 8363},
	{addr: [16]byte{0x00, 0x00, 0x00, 0x00, 0x00, 0x00, 0x00, 0x00, 0x00, 0x00, 0xff, 0xff, 0x32, 0x4f, 0xae, 0xfd}, port: 8333},
	{addr: [16]byte{0x00, 0x00, 0x00, 0x00, 0x00, 0x00, 0x00, 0x00, 0x00, 0x00, 0xff, 0xff, 0x32, 0x74, 0x05, 0x20}, port: 8333},
	{addr: [16]byte{0x00, 0x00, 0x00, 0x00, 0x00, 0x00, 0x00, 0x00, 0x00, 0x00, 0xff, 0xff, 0x32, 0x74, 0x15, 0x17}, port: 8333},
	{addr: [16]byte{0x00, 0x00, 0x00, 0x00, 0x00, 0x00, 0x00, 0x00, 0x00, 0x00, 0xff, 0xff, 0x32, 0x74, 0x18, 0x2c}, port: 8333},
	{addr: [16]byte{0x00, 0x00, 0x00, 0x00, 0x00, 0x00, 0x00, 0x00, 0x00, 0x00, 0xff, 0xff, 0x32, 0x74, 0x34, 0xd9}, port: 8333},
	{addr: [16]byte{0x00, 0x00, 0x00, 0x00, 0x00, 0x00, 0x00, 0x00, 0x00, 0x00, 0xff, 0xff, 0x32, 0xe1, 0xc6, 0x43}, port: 6359},
	{addr: [16]byte{0x00, 0x00, 0x00, 0x00, 0x00, 0x00, 0x00, 0x00, 0x00, 0x00, 0xff, 0xff, 0x33, 0x0f, 0xb1, 0xa2}, port: 5901},
	{addr: [16]byte{0x00, 0x00, 0x00, 0x00, 0x00, 0x00, 0x00, 0x00, 0x00, 0x00, 0xff, 0xff, 0x34, 0x10, 0x6a, 0x0b}, port: 8333},
	{addr: [16]byte{0x00, 0x00, 0x00, 0x00, 0x00, 0x00, 0x00, 0x00, 0x00, 0x00, 0xff, 0xff, 0x34, 0x10, 0x72, 0x7f}, port: 8333},
	{addr: [16]byte{0x00, 0x00, 0x00, 0x00, 0x00, 0x00, 0x00, 0x00, 0x00, 0x00, 0xff, 0xff, 0x34, 0x13, 0xb6, 0x01}, port: 8333},
	{addr: [16]byte{0x00, 0x00, 0x00, 0x00, 0x00, 0x00, 0x00, 0x00, 0x00, 0x00, 0xff, 0xff, 0x34, 0x1c, 0xca, 0x83}, port: 8333},
	{addr: [16]byte{0x00, 0x00, 0x00, 0x00, 0x00, 0x00, 0x00, 0x00, 0x00, 0x00, 0xff, 0xff, 0x34, 0x1c, 0xe9, 0x0b}, port: 8333},
	{addr: [16]byte{0x00, 0x00, 0x00, 0x00, 0x00, 0x00, 0x00, 0x00, 0x00, 0x00, 0xff, 0xff, 0x34, 0x1d, 0x24, 0x47}, port: 8333},
	{addr: [16]byte{0x00, 0x00, 0x00, 0x00, 0x00, 0x00, 0x00, 0x00, 0x00, 0x00, 0xff, 0xff, 0x34, 0x1d, 0x85, 0x10}, port: 8333},
	{addr: [16]byte{0x00, 0x00, 0x00, 0x00, 0x00, 0x00, 0x00, 0x00, 0x00, 0x00, 0xff, 0xff, 0x34, 0x33, 0xe8, 0xea}, port: 8333},
	{addr: [16]byte{0x00, 0x00, 0x00, 0x00, 0x00, 0x00, 0x00, 0x00, 0x00, 0x00, 0xff, 0xff, 0x34, 0x35, 0x94, 0xa3}, port: 8333},
	{addr: [16]byte{0x00, 0x00, 0x00, 0x00, 0x00, 0x00, 0x00, 0x00, 0x00, 0x00, 0xff, 0xff, 0x34, 0x35, 0xc6, 0x8d}, port: 8333},
	{addr: [16]byte{0x00, 0x00, 0x00, 0x00, 0x00, 0x00, 0x00, 0x00, 0x00, 0x00, 0xff, 0xff, 0x34, 0x35, 0xf8, 0x2a}, port: 8333},
	{addr: [16]byte{0x00, 0x00, 0x00, 0x00, 0x00, 0x00, 0x00, 0x00, 0x00, 0x00, 0xff, 0xff, 0x34, 0x37, 0xb3, 0x05}, port: 8333},
	{addr: [16]byte{0x00, 0x00, 0x00, 0x00, 0x00, 0x00, 0x00, 0x00, 0x00, 0x00, 0xff, 0xff, 0x34, 0x39, 0x0e, 0x43}, port: 8333},
	{addr: [16]byte{0x00, 0x00, 0x00, 0x00, 0x00, 0x00, 0x00, 0x00, 0x00, 0x00, 0xff, 0xff, 0x34, 0x3a, 0xa3, 0xc9}, port: 8333},
	{addr: [16]byte{0x00, 0x00, 0x00, 0x00, 0x00, 0x00, 0x00, 0x00, 0x00, 0x00, 0xff, 0xff, 0x34, 0x3a, 0xbe, 0x90}, port: 8333},
	{addr: [16]byte{0x00, 0x00, 0x00, 0x00, 0x00, 0x00, 0x00, 0x00, 0x00, 0x00, 0xff, 0xff, 0x34, 0x3b, 0x46, 0xb2}, port: 8333},
	{addr: [16]byte{0x00, 0x00, 0x00, 0x00, 0x00, 0x00, 0x00, 0x00, 0x00, 0x00, 0xff, 0xff, 0x34, 0x3e, 0xb7, 0x31}, port: 8333},
	{addr: [16]byte{0x00, 0x00, 0x00, 0x00, 0x00, 0x00, 0x00, 0x00, 0x00, 0x00, 0xff, 0xff, 0x34, 0x3f, 0x85, 0x69}, port: 8333},
	{addr: [16]byte{0x00, 0x00, 0x00, 0x00, 0x00, 0x00, 0x00, 0x00, 0x00, 0x00, 0xff, 0xff, 0x34, 0x41, 0x3a, 0xc7}, port: 8333},
	{addr: [16]byte{0x00, 0x00, 0x00, 0x00, 0x00, 0x00, 0x00, 0x00, 0x00, 0x00, 0xff, 0xff, 0x34, 0x41, 0x54, 0x46}, port: 8333},
	{addr: [16]byte{0x00, 0x00, 0x00, 0x00, 0x00, 0x00, 0x00, 0x00, 0x00, 0x00, 0xff, 0xff, 0x34, 0x42, 0x0a, 0xcc}, port: 8333},
	{addr: [16]byte{0x00, 0x00, 0x00, 0x00, 0x00, 0x00, 0x00, 0x00, 0x00, 0x00, 0xff, 0xff, 0x34, 0x42, 0xb4, 0x98}, port: 8333},
	{addr: [16]byte{0x00, 0x00, 0x00, 0x00, 0x00, 0x00, 0x00, 0x00, 0x00, 0x00, 0xff, 0xff, 0x34, 0x4d, 0xd2, 0x2a}, port: 8333},
	{addr: [16]byte{0x00, 0x00, 0x00, 0x00, 0x00, 0x00, 0x00, 0x00, 0x00, 0x00, 0xff, 0xff, 0x34, 0x4d, 0xd3, 0xdb}, port: 8333},
	{addr: [16]byte{0x00, 0x00, 0x00, 0x00, 0x00, 0x00, 0x00, 0x00, 0x00, 0x00, 0xff, 0xff, 0x34, 0x4d, 0xdf, 0x71}, port: 8333},
	{addr: [16]byte{0x00, 0x00, 0x00, 0x00, 0x00, 0x00, 0x00, 0x00, 0x00, 0x00, 0xff, 0xff, 0x34, 0x5a, 0x84, 0x2a}, port: 8333},
	{addr: [16]byte{0x00, 0x00, 0x00, 0x00, 0x00, 0x00, 0x00, 0x00, 0x00, 0x00, 0xff, 0xff, 0x34, 0xaf, 0xca, 0xf7}, port: 8333},
	{addr: [16]byte{0x00, 0x00, 0x00, 0x00, 0x00, 0x00, 0x00, 0x00, 0x00, 0x00, 0xff, 0xff, 0x34, 0xd2, 0x26, 0xe3}, port: 8333},
	{addr: [16]byte{0x00, 0x00, 0x00, 0x00, 0x00, 0x00, 0x00, 0x00, 0x00, 0x00, 0xff, 0xff, 0x34, 0xd2, 0xfc, 0x7b}, port: 8333},
	{addr: [16]byte{0x00, 0x00, 0x00, 0x00, 0x00, 0x00, 0x00, 0x00, 0x00, 0x00, 0xff, 0xff, 0x34, 0xd3, 0x0e, 0xe9}, port: 8333},
	{addr: [16]byte{0x00, 0x00, 0x00, 0x00, 0x00, 0x00, 0x00, 0x00, 0x00, 0x00, 0xff, 0xff, 0x34, 0xd4, 0x5c, 0x00}, port: 8333},
	{addr: [16]byte{0x00, 0x00, 0x00, 0x00, 0x00, 0x00, 0x00, 0x00, 0x00, 0x00, 0xff, 0xff, 0x34, 0xdd, 0xe3, 0x9d}, port: 8333},
	{addr: [16]byte{0x00, 0x00, 0x00, 0x00, 0x00, 0x00, 0x00, 0x00, 0x00, 0x00, 0xff, 0xff, 0x34, 0xf3, 0x25, 0xb7}, port: 8333},
	{addr: [16]byte{0x00, 0x00, 0x00, 0x00, 0x00, 0x00, 0x00, 0x00, 0x00, 0x00, 0xff, 0xff, 0x36, 0x24, 0x7a, 0x8d}, port: 8330},
	{addr: [16]byte{0x00, 0x00, 0x00, 0x00, 0x00, 0x00, 0x00, 0x00, 0x00, 0x00, 0xff, 0xff, 0x36, 0x42, 0xdc, 0xb3}, port: 8333},
	{addr: [16]byte{0x00, 0x00, 0x00, 0x00, 0x00, 0x00, 0x00, 0x00, 0x00, 0x00, 0xff, 0xff, 0x36, 0x42, 0xde, 0x0f}, port: 8333},
	{addr: [16]byte{0x00, 0x00, 0x00, 0x00, 0x00, 0x00, 0x00, 0x00, 0x00, 0x00, 0xff, 0xff, 0x36, 0x4c, 0x04, 0x92}, port: 8333},
	{addr: [16]byte{0x00, 0x00, 0x00, 0x00, 0x00, 0x00, 0x00, 0x00, 0x00, 0x00, 0xff, 0xff, 0x36, 0x4d, 0x06, 0x7d}, port: 8333},
	{addr: [16]byte{0x00, 0x00, 0x00, 0x00, 0x00, 0x00, 0x00, 0x00, 0x00, 0x00, 0xff, 0xff, 0x36, 0x4d, 0x60, 0x2a}, port: 8333},
	{addr: [16]byte{0x00, 0x00, 0x00, 0x00, 0x00, 0x00, 0x00, 0x00, 0x00, 0x00, 0xff, 0xff, 0x36, 0x4f, 0x58, 0x16}, port: 8333},
	{addr: [16]byte{0x00, 0x00, 0x00, 0x00, 0x00, 0x00, 0x00, 0x00, 0x00, 0x00, 0xff, 0xff, 0x36, 0x4f, 0x5f, 0x31}, port: 8333},
	{addr: [16]byte{0x00, 0x00, 0x00, 0x00, 0x00, 0x00, 0x00, 0x00, 0x00, 0x00, 0xff, 0xff, 0x36, 0x59, 0x08, 0xed}, port: 8333},
	{addr: [16]byte{0x00, 0x00, 0x00, 0x00, 0x00, 0x00, 0x00, 0x00, 0x00, 0x00, 0xff, 0xff, 0x36, 0x59, 0xa2, 0x36}, port: 8333},
	{addr: [16]byte{0x00, 0x00, 0x00, 0x00, 0x00, 0x00, 0x00, 0x00, 0x00, 0x00, 0xff, 0xff, 0x36, 0x5a, 0x94, 0x84}, port: 8333},
	{addr: [16]byte{0x00, 0x00, 0x00, 0x00, 0x00, 0x00, 0x00, 0x00, 0x00, 0x00, 0xff, 0xff, 0x36, 0x95, 0xce, 0x16}, port: 18916},
	{addr: [16]byte{0x00, 0x00, 0x00, 0x00, 0x00, 0x00, 0x00, 0x00, 0x00, 0x00, 0xff, 0xff, 0x36, 0x99, 0x06, 0x85}, port: 8333},
	{addr: [16]byte{0x00, 0x00, 0x00, 0x00, 0x00, 0x00, 0x00, 0x00, 0x00, 0x00, 0xff, 0xff, 0x36, 0x99, 0x09, 0xd9}, port: 8333},
	{addr: [16]byte{0x00, 0x00, 0x00, 0x00, 0x00, 0x00, 0x00, 0x00, 0x00, 0x00, 0xff, 0xff, 0x36, 0x99, 0x7a, 0x1f}, port: 8333},
	{addr: [16]byte{0x00, 0x00, 0x00, 0x00, 0x00, 0x00, 0x00, 0x00, 0x00, 0x00, 0xff, 0xff, 0x36, 0x99, 0xa3, 0xa3}, port: 8333},
	{addr: [16]byte{0x00, 0x00, 0x00, 0x00, 0x00, 0x00, 0x00, 0x00, 0x00, 0x00, 0xff, 0xff, 0x36, 0x99, 0xe0, 0x97}, port: 8333},
	{addr: [16]byte{0x00, 0x00, 0x00, 0x00, 0x00, 0x00, 0x00, 0x00, 0x00, 0x00, 0xff, 0xff, 0x36, 0x9e, 0x0d, 0x7b}, port: 8333},
	{addr: [16]byte{0x00, 0x00, 0x00, 0x00, 0x00, 0x00, 0x00, 0x00, 0x00, 0x00, 0xff, 0xff, 0x36, 0x9e, 0x57, 0x0f}, port: 8333},
	{addr: [16]byte{0x00, 0x00, 0x00, 0x00, 0x00, 0x00, 0x00, 0x00, 0x00, 0x00, 0xff, 0xff, 0x36, 0xa9, 0x03, 0x9b}, port: 8333},
	{addr: [16]byte{0x00, 0x00, 0x00, 0x00, 0x00, 0x00, 0x00, 0x00, 0x00, 0x00, 0xff, 0xff, 0x36, 0xa9, 0xe7, 0x37}, port: 8333},
	{addr: [16]byte{0x00, 0x00, 0x00, 0x00, 0x00, 0x00, 0x00, 0x00, 0x00, 0x00, 0xff, 0xff, 0x36, 0xad, 0x95, 0x16}, port: 8333},
	{addr: [16]byte{0x00, 0x00, 0x00, 0x00, 0x00, 0x00, 0x00, 0x00, 0x00, 0x00, 0xff, 0xff, 0x36, 0xb3, 0x85, 0x4f}, port: 8333},
	{addr: [16]byte{0x00, 0x00, 0x00, 0x00, 0x00, 0x00, 0x00, 0x00, 0x00, 0x00, 0xff, 0xff, 0x36, 0xb3, 0x9d, 0x21}, port: 8333},
	{addr: [16]byte{0x00, 0x00, 0x00, 0x00, 0x00, 0x00, 0x00, 0x00, 0x00, 0x00, 0xff, 0xff, 0x36, 0xb7, 0x83, 0x88}, port: 8333},
	{addr: [16]byte{0x00, 0x00, 0x00, 0x00, 0x00, 0x00, 0x00, 0x00, 0x00, 0x00, 0xff, 0xff, 0x36, 0xb7, 0xbb, 0xf9}, port: 8333},
	{addr: [16]byte{0x00, 0x00, 0x00, 0x00, 0x00, 0x00, 0x00, 0x00, 0x00, 0x00, 0xff, 0xff, 0x36, 0xb7, 0xd6, 0xf0}, port: 8333},
	{addr: [16]byte{0x00, 0x00, 0x00, 0x00, 0x00, 0x00, 0x00, 0x00, 0x00, 0x00, 0xff, 0xff, 0x36, 0xb7, 0xd8, 0xee}, port: 8333},
	{addr: [16]byte{0x00, 0x00, 0x00, 0x00, 0x00, 0x00, 0x00, 0x00, 0x00, 0x00, 0xff, 0xff, 0x36, 0xb7, 0xeb, 0x83}, port: 8333},
	{addr: [16]byte{0x00, 0x00, 0x00, 0x00, 0x00, 0x00, 0x00, 0x00, 0x00, 0x00, 0xff, 0xff, 0x36, 0xb7, 0xef, 0xe2}, port: 8333},
	{addr: [16]byte{0x00, 0x00, 0x00, 0x00, 0x00, 0x00, 0x00, 0x00, 0x00, 0x00, 0xff, 0xff, 0x36, 0xc1, 0x67, 0xe7}, port: 8333},
	{addr: [16]byte{0x00, 0x00, 0x00, 0x00, 0x00, 0x00, 0x00, 0x00, 0x00, 0x00, 0xff, 0xff, 0x36, 0xce, 0x2e, 0x28}, port: 8333},
	{addr: [16]byte{0x00, 0x00, 0x00, 0x00, 0x00, 0x00, 0x00, 0x00, 0x00, 0x00, 0xff, 0xff, 0x36, 0xce, 0x4d, 0x3d}, port: 8333},
	{addr: [16]byte{0x00, 0x00, 0x00, 0x00, 0x00, 0x00, 0x00, 0x00, 0x00, 0x00, 0xff, 0xff, 0x36, 0xd7, 0xf8, 0x8f}, port: 8333},
	{addr: [16]byte{0x00, 0x00, 0x00, 0x00, 0x00, 0x00, 0x00, 0x00, 0x00, 0x00, 0xff, 0xff, 0x36, 0xdb, 0xac, 0x69}, port: 8333},
	{addr: [16]byte{0x00, 0x00, 0x00, 0x00, 0x00, 0x00, 0x00, 0x00, 0x00, 0x00, 0xff, 0xff, 0x36, 0xe0, 0x89, 0x6e}, port: 8333},
	{addr: [16]byte{0x00, 0x00, 0x00, 0x00, 0x00, 0x00, 0x00, 0x00, 0x00, 0x00, 0xff, 0xff, 0x36, 0xec, 0xd4, 0x8b}, port: 8333},
	{addr: [16]byte{0x00, 0x00, 0x00, 0x00, 0x00, 0x00, 0x00, 0x00, 0x00, 0x00, 0xff, 0xff, 0x36, 0xee, 0x95, 0x5d}, port: 8335},
	{addr: [16]byte{0x00, 0x00, 0x00, 0x00, 0x00, 0x00, 0x00, 0x00, 0x00, 0x00, 0xff, 0xff, 0x36, 0xf1, 0x95, 0x02}, port: 8333},
	{addr: [16]byte{0x00, 0x00, 0x00, 0x00, 0x00, 0x00, 0x00, 0x00, 0x00, 0x00, 0xff, 0xff, 0x36, 0xfe, 0x86, 0x5e}, port: 8333},
	{addr: [16]byte{0x00, 0x00, 0x00, 0x00, 0x00, 0x00, 0x00, 0x00, 0x00, 0x00, 0xff, 0xff, 0x36, 0xff, 0xbb, 0x95}, port: 8333},
	{addr: [16]byte{0x00, 0x00, 0x00, 0x00, 0x00, 0x00, 0x00, 0x00, 0x00, 0x00, 0xff, 0xff, 0x36, 0xff, 0xc9, 0x82}, port: 8333},
	{addr: [16]byte{0x00, 0x00, 0x00, 0x00, 0x00, 0x00, 0x00, 0x00, 0x00, 0x00, 0xff, 0xff, 0x36, 0xff, 0xd5, 0xfe}, port: 8333},
	{addr: [16]byte{0x00, 0x00, 0x00, 0x00, 0x00, 0x00, 0x00, 0x00, 0x00, 0x00, 0xff, 0xff, 0x3b, 0x6e, 0x73, 0x34}, port: 8333},
	{addr: [16]byte{0x00, 0x00, 0x00, 0x00, 0x00, 0x00, 0x00, 0x00, 0x00, 0x00, 0xff, 0xff, 0x3b, 0x6e, 0x73, 0x35}, port: 8333},
	{addr: [16]byte{0x00, 0x00, 0x00, 0x00, 0x00, 0x00, 0x00, 0x00, 0x00, 0x00, 0xff, 0xff, 0x3b, 0x6e, 0x73, 0x3c}, port: 8333},
	{addr: [16]byte{0x00, 0x00, 0x00, 0x00, 0x00, 0x00, 0x00, 0x00, 0x00, 0x00, 0xff, 0xff, 0x3b, 0x6e, 0xd8, 0x8b}, port: 8363},
	{addr: [16]byte{0x00, 0x00, 0x00, 0x00, 0x00, 0x00, 0x00, 0x00, 0x00, 0x00, 0xff, 0xff, 0x3d, 0x12, 0x97, 0x65}, port: 8333},
	{addr: [16]byte{0x00, 0x00, 0x00, 0x00, 0x00, 0x00, 0x00, 0x00, 0x00, 0x00, 0xff, 0xff, 0x42, 0xbb, 0x41, 0x06}, port: 8333},
	{addr: [16]byte{0x00, 0x00, 0x00, 0x00, 0x00, 0x00, 0x00, 0x00, 0x00, 0x00, 0xff, 0xff, 0x42, 0xe4, 0x25, 0x4d}, port: 8333},
	{addr: [16]byte{0x00, 0x00, 0x00, 0x00, 0x00, 0x00, 0x00, 0x00, 0x00, 0x00, 0xff, 0xff, 0x42, 0xe4, 0x35, 0x91}, port: 8333},
	{addr: [16]byte{0x00, 0x00, 0x00, 0x00, 0x00, 0x00, 0x00, 0x00, 0x00, 0x00, 0xff, 0xff, 0x43, 0xcd, 0x95, 0x1f}, port: 8333},
	{addr: [16]byte{0x00, 0x00, 0x00, 0x00, 0x00, 0x00, 0x00, 0x00, 0x00, 0x00, 0xff, 0xff, 0x43, 0xcd, 0xa6, 0x02}, port: 8333},
	{addr: [16]byte{0x00, 0x00, 0x00, 0x00, 0x00, 0x00, 0x00, 0x00, 0x00, 0x00, 0xff, 0xff, 0x43, 0xcf, 0x55, 0x62}, port: 8333},
	{addr: [16]byte{0x00, 0x00, 0x00, 0x00, 0x00, 0x00, 0x00, 0x00, 0x00, 0x00, 0xff, 0xff, 0x45, 0x2f, 0x94, 0x36}, port: 8333},
	{addr: [16]byte{0x00, 0x00, 0x00, 0x00, 0x00, 0x00, 0x00, 0x00, 0x00, 0x00, 0xff, 0xff, 0x45, 0xa6, 0xb5, 0xd1}, port: 8333},
	{addr: [16]byte{0x00, 0x00, 0x00, 0x00, 0x00, 0x00, 0x00, 0x00, 0x00, 0x00, 0xff, 0xff, 0x47, 0x26, 0xd3, 0xfb}, port: 8333},
	{addr: [16]byte{0x00, 0x00, 0x00, 0x00, 0x00, 0x00, 0x00, 0x00, 0x00, 0x00, 0xff, 0xff, 0x47, 0xb8, 0x44, 0x15}, port: 8333},
	{addr: [16]byte{0x00, 0x00, 0x00, 0x00, 0x00, 0x00, 0x00, 0x00, 0x00, 0x00, 0xff, 0xff, 0x47, 0xfc, 0x89, 0xf6}, port: 8333},
	{addr: [16]byte{0x00, 0x00, 0x00, 0x00, 0x00, 0x00, 0x00, 0x00, 0x00, 0x00, 0xff, 0xff, 0x48, 0x0e, 0xb0, 0x99}, port: 8333},
	{addr: [16]byte{0x00, 0x00, 0x00, 0x00, 0x00, 0x00, 0x00, 0x00, 0x00, 0x00, 0xff, 0xff, 0x48, 0x0e, 0xb0, 0xeb}, port: 8333},
	{addr: [16]byte{0x00, 0x00, 0x00, 0x00, 0x00, 0x00, 0x00, 0x00, 0x00, 0x00, 0xff, 0xff, 0x48, 0xea, 0xfb, 0xcb}, port: 8333},
	{addr: [16]byte{0x00, 0x00, 0x00, 0x00, 0x00, 0x00, 0x00, 0x00, 0x00, 0x00, 0xff, 0xff, 0x49, 0x4c, 0xda, 0x32}, port: 8333},
	{addr: [16]byte{0x00, 0x00, 0x00, 0x00, 0x00, 0x00, 0x00, 0x00, 0x00, 0x00, 0xff, 0xff, 0x4c, 0x7e, 0x27, 0x2d}, port: 8333},
	{addr: [16]byte{0x00, 0x00, 0x00, 0x00, 0x00, 0x00, 0x00, 0x00, 0x00, 0x00, 0xff, 0xff, 0x4e, 0x16, 0x63, 0xf2}, port: 8333},
	{addr: [16]byte{0x00, 0x00, 0x00, 0x00, 0x00, 0x00, 0x00, 0x00, 0x00, 0x00, 0xff, 0xff, 0x4e, 0x2e, 0x41, 0xca}, port: 8333},
	{addr: [16]byte{0x00, 0x00, 0x00, 0x00, 0x00, 0x00, 0x00, 0x00, 0x00, 0x00, 0xff, 0xff, 0x4e, 0x2e, 0x43, 0x6f}, port: 8333},
	{addr: [16]byte{0x00, 0x00, 0x00, 0x00, 0x00, 0x00, 0x00, 0x00, 0x00, 0x00, 0xff, 0xff, 0x4e, 0x54, 0xae, 0x7d}, port: 8333},
	{addr: [16]byte{0x00, 0x00, 0x00, 0x00, 0x00, 0x00, 0x00, 0x00, 0x00, 0x00, 0xff, 0xff, 0x4f, 0x43, 0x7c, 0x77}, port: 8333},
	{addr: [16]byte{0x00, 0x00, 0x00, 0x00, 0x00, 0x00, 0x00, 0x00, 0x00, 0x00, 0xff, 0xff, 0x4f, 0x6d, 0x75, 0x36}, port: 8333},
	{addr: [16]byte{0x00, 0x00, 0x00, 0x00, 0x00, 0x00, 0x00, 0x00, 0x00, 0x00, 0xff, 0xff, 0x4f, 0x86, 0x40, 0x53}, port: 8333},
	{addr: [16]byte{0x00, 0x00, 0x00, 0x00, 0x00, 0x00, 0x00, 0x00, 0x00, 0x00, 0xff, 0xff, 0x4f, 0x8f, 0xb2, 0x3b}, port: 8333},
	{addr: [16]byte{0x00, 0x00, 0x00, 0x00, 0x00, 0x00, 0x00, 0x00, 0x00, 0x00, 0xff, 0xff, 0x51, 0x62, 0xd8, 0xd4}, port: 8333},
	{addr: [16]byte{0x00, 0x00, 0x00, 0x00, 0x00, 0x00, 0x00, 0x00, 0x00, 0x00, 0xff, 0xff, 0x52, 0x4a, 0xd1, 0xdb}, port: 8333},
	{addr: [16]byte{0x00, 0x00, 0x00, 0x00, 0x00, 0x00, 0x00, 0x00, 0x00, 0x00, 0xff, 0xff, 0x52, 0xc4, 0x0d, 0x4f}, port: 8333},
	{addr: [16]byte{0x00, 0x00, 0x00, 0x00, 0x00, 0x00, 0x00, 0x00, 0x00, 0x00, 0xff, 0xff, 0x52, 0xd9, 0x85, 0x91}, port: 8333},
	{addr: [16]byte{0x00, 0x00, 0x00, 0x00, 0x00, 0x00, 0x00, 0x00, 0x00, 0x00, 0xff, 0xff, 0x53, 0x45, 0xcb, 0x2c}, port: 8333},
	{addr: [16]byte{0x00, 0x00, 0x00, 0x00, 0x00, 0x00, 0x00, 0x00, 0x00, 0x00, 0xff, 0xff, 0x53, 0xac, 0x45, 0x9a}, port: 8333},
	{addr: [16]byte{0x00, 0x00, 0x00, 0x00, 0x00, 0x00, 0x00, 0x00, 0x00, 0x00, 0xff, 0xff, 0x53, 0xf3, 0x42, 0x78}, port: 8333},
	{addr: [16]byte{0x00, 0x00, 0x00, 0x00, 0x00, 0x00, 0x00, 0x00, 0x00, 0x00, 0xff, 0xff, 0x54, 0x32, 0xef, 0x8f}, port: 8333},
	{addr: [16]byte{0x00, 0x00, 0x00, 0x00, 0x00, 0x00, 0x00, 0x00, 0x00, 0x00, 0xff, 0xff, 0x54, 0xd1, 0x85, 0x72}, port: 8333},
	{addr: [16]byte{0x00, 0x00, 0x00, 0x00, 0x00, 0x00, 0x00, 0x00, 0x00, 0x00, 0xff, 0xff, 0x55, 0x90, 0xc5, 0xa3}, port: 8333},
	{addr: [16]byte{0x00, 0x00, 0x00, 0x00, 0x00, 0x00, 0x00, 0x00, 0x00, 0x00, 0xff, 0xff, 0x55, 0xe4, 0x38, 0x6b}, port: 8333},
	{addr: [16]byte{0x00, 0x00, 0x00, 0x00, 0x00, 0x00, 0x00, 0x00, 0x00, 0x00, 0xff, 0xff, 0x56, 0x9c, 0x17, 0x23}, port: 8333},
	{addr: [16]byte{0x00, 0x00, 0x00, 0x00, 0x00, 0x00, 0x00, 0x00, 0x00, 0x00, 0xff, 0xff, 0x57, 0x4e, 0xec, 0x2f}, port: 8333},
	{addr: [16]byte{0x00, 0x00, 0x00, 0x00, 0x00, 0x00, 0x00, 0x00, 0x00, 0x00, 0xff, 0xff, 0x57, 0xb6, 0xb9, 0xfe}, port: 8333},
	{addr: [16]byte{0x00, 0x00, 0x00, 0x00, 0x00, 0x00, 0x00, 0x00, 0x00, 0x00, 0xff, 0xff, 0x57, 0xf2, 0xae, 0xe9}, port: 8333},
	{addr: [16]byte{0x00, 0x00, 0x00, 0x00, 0x00, 0x00, 0x00, 0x00, 0x00, 0x00, 0xff, 0xff, 0x58, 0xc6, 0x21, 0xd6}, port: 8333},
	{addr: [16]byte{0x00, 0x00, 0x00, 0x00, 0x00, 0x00, 0x00, 0x00, 0x00, 0x00, 0xff, 0xff, 0x58, 0xc6, 0x24, 0xe8}, port: 8333},
	{addr: [16]byte{0x00, 0x00, 0x00, 0x00, 0x00, 0x00, 0x00, 0x00, 0x00, 0x00, 0xff, 0xff, 0x58, 0xc6, 0x27, 0xcd}, port: 28333},
	{addr: [16]byte{0x00, 0x00, 0x00, 0x00, 0x00, 0x00, 0x00, 0x00, 0x00, 0x00, 0xff, 0xff, 0x58, 0xca, 0xca, 0xdd}, port: 8335},
	{addr: [16]byte{0x00, 0x00, 0x00, 0x00, 0x00, 0x00, 0x00, 0x00, 0x00, 0x00, 0xff, 0xff, 0x58, 0xd0, 0x22, 0x43}, port: 8433},
	{addr: [16]byte{0x00, 0x00, 0x00, 0x00, 0x00, 0x00, 0x00, 0x00, 0x00, 0x00, 0xff, 0xff, 0x59, 0x00, 0x50, 0x15}, port: 8333},
	{addr: [16]byte{0x00, 0x00, 0x00, 0x00, 0x00, 0x00, 0x00, 0x00, 0x00, 0x00, 0xff, 0xff, 0x59, 0x2f, 0xa1, 0xa2}, port: 8333},
	{addr: [16]byte{0x00, 0x00, 0x00, 0x00, 0x00, 0x00, 0x00, 0x00, 0x00, 0x00, 0xff, 0xff, 0x59, 0xb3, 0xf7, 0xec}, port: 8333},
	{addr: [16]byte{0x00, 0x00, 0x00, 0x00, 0x00, 0x00, 0x00, 0x00, 0x00, 0x00, 0xff, 0xff, 0x59, 0xc9, 0x25, 0xe5}, port: 8333},
	{addr: [16]byte{0x00, 0x00, 0x00, 0x00, 0x00, 0x00, 0x00, 0x00, 0x00, 0x00, 0xff, 0xff, 0x5b, 0x40, 0x94, 0x04}, port: 8333},
	{addr: [16]byte{0x00, 0x00, 0x00, 0x00, 0x00, 0x00, 0x00, 0x00, 0x00, 0x00, 0xff, 0xff, 0x5b, 0x86, 0xcf, 0xd0}, port: 8330},
	{addr: [16]byte{0x00, 0x00, 0x00, 0x00, 0x00, 0x00, 0x00, 0x00, 0x00, 0x00, 0xff, 0xff, 0x5b, 0xcc, 0x95, 0x05}, port: 8335},
	{addr: [16]byte{0x00, 0x00, 0x00, 0x00, 0x00, 0x00, 0x00, 0x00, 0x00, 0x00, 0xff, 0xff, 0x5d, 0x5f, 0x64, 0x9b}, port: 8333},
	{addr: [16]byte{0x00, 0x00, 0x00, 0x00, 0x00, 0x00, 0x00, 0x00, 0x00, 0x00, 0xff, 0xff, 0x5d, 0x68, 0xd0, 0x77}, port: 8333},
	{addr: [16]byte{0x00, 0x00, 0x00, 0x00, 0x00, 0x00, 0x00, 0x00, 0x00, 0x00, 0xff, 0xff, 0x5d, 0xff, 0x7c, 0xe7}, port: 8333},
	{addr: [16]byte{0x00, 0x00, 0x00, 0x00, 0x00, 0x00, 0x00, 0x00, 0x00, 0x00, 0xff, 0xff, 0x5e, 0x82, 0x40, 0x8f}, port: 8333},
	{addr: [16]byte{0x00, 0x00, 0x00, 0x00, 0x00, 0x00, 0x00, 0x00, 0x00, 0x00, 0xff, 0xff, 0x5e, 0x87, 0x89, 0x6c}, port: 8333},
	{addr: [16]byte{0x00, 0x00, 0x00, 0x00, 0x00, 0x00, 0x00, 0x00, 0x00, 0x00, 0xff, 0xff, 0x5e, 0xf2, 0xde, 0xb7}, port: 8333},
	{addr: [16]byte{0x00, 0x00, 0x00, 0x00, 0x00, 0x00, 0x00, 0x00, 0x00, 0x00, 0xff, 0xff, 0x5f, 0x4c, 0xe4, 0x16}, port: 8333},
	{addr: [16]byte{0x00, 0x00, 0x00, 0x00, 0x00, 0x00, 0x00, 0x00, 0x00, 0x00, 0xff, 0xff, 0x5f, 0x50, 0x2c, 0x64}, port: 8333},
	{addr: [16]byte{0x00, 0x00, 0x00, 0x00, 0x00, 0x00, 0x00, 0x00, 0x00, 0x00, 0xff, 0xff, 0x5f, 0x55, 0x0d, 0x2c}, port: 8333},
	{addr: [16]byte{0x00, 0x00, 0x00, 0x00, 0x00, 0x00, 0x00, 0x00, 0x00, 0x00, 0xff, 0xff, 0x5f, 0x55, 0x3e, 0xcc}, port: 8333},
	{addr: [16]byte{0x00, 0x00, 0x00, 0x00, 0x00, 0x00, 0x00, 0x00, 0x00, 0x00, 0xff, 0xff, 0x60, 0x21, 0xce, 0x0c}, port: 8333},
	{addr: [16]byte{0x00, 0x00, 0x00, 0x00, 0x00, 0x00, 0x00, 0x00, 0x00, 0x00, 0xff, 0xff, 0x60, 0x36, 0xdf, 0x12}, port: 10500},
	{addr: [16]byte{0x00, 0x00, 0x00, 0x00, 0x00, 0x00, 0x00, 0x00, 0x00, 0x00, 0xff, 0xff, 0x60, 0x7e, 0x74, 0xb6}, port: 8333},
	{addr: [16]byte{0x00, 0x00, 0x00, 0x00, 0x00, 0x00, 0x00, 0x00, 0x00, 0x00, 0xff, 0xff, 0x60, 0x7e, 0x75, 0x05}, port: 8333},
	{addr: [16]byte{0x00, 0x00, 0x00, 0x00, 0x00, 0x00, 0x00, 0x00, 0x00, 0x00, 0xff, 0xff, 0x60, 0x7e, 0x7e, 0xec}, port: 8333},
	{addr: [16]byte{0x00, 0x00, 0x00, 0x00, 0x00, 0x00, 0x00, 0x00, 0x00, 0x00, 0xff, 0xff, 0x62, 0x97, 0x10, 0x3c}, port: 8333},
	{addr: [16]byte{0x00, 0x00, 0x00, 0x00, 0x00, 0x00, 0x00, 0x00, 0x00, 0x00, 0xff, 0xff, 0x62, 0xce, 0xff, 0xca}, port: 8333},
	{addr: [16]byte{0x00, 0x00, 0x00, 0x00, 0x00, 0x00, 0x00, 0x00, 0x00, 0x00, 0xff, 0xff, 0x64, 0x08, 0xa5, 0x56}, port: 8333},
	{addr: [16]byte{0x00, 0x00, 0x00, 0x00, 0x00, 0x00, 0x00, 0x00, 0x00, 0x00, 0xff, 0xff, 0x65, 0x25, 0x0c, 0x61}, port: 8333},
	{addr: [16]byte{0x00, 0x00, 0x00, 0x00, 0x00, 0x00, 0x00, 0x00, 0x00, 0x00, 0xff, 0xff, 0x65, 0x25, 0x0c, 0x84}, port: 8333},
	{addr: [16]byte{0x00, 0x00, 0x00, 0x00, 0x00, 0x00, 0x00, 0x00, 0x00, 0x00, 0xff, 0xff, 0x65, 0x25, 0x0e, 0xa8}, port: 8333},
	{addr: [16]byte{0x00, 0x00, 0x00, 0x00, 0x00, 0x00, 0x00, 0x00, 0x00, 0x00, 0xff, 0xff, 0x65, 0x25, 0x74, 0x2f}, port: 8333},
	{addr: [16]byte{0x00, 0x00, 0x00, 0x00, 0x00, 0x00, 0x00, 0x00, 0x00, 0x00, 0xff, 0xff, 0x65, 0x25, 0x74, 0x89}, port: 8333},
	{addr: [16]byte{0x00, 0x00, 0x00, 0x00, 0x00, 0x00, 0x00, 0x00, 0x00, 0x00, 0xff, 0xff, 0x65, 0x25, 0x75, 0x9f}, port: 8333},
	{addr: [16]byte{0x00, 0x00, 0x00, 0x00, 0x00, 0x00, 0x00, 0x00, 0x00, 0x00, 0xff, 0xff, 0x65, 0x25, 0xa0, 0x8e}, port: 8333},
	{addr: [16]byte{0x00, 0x00, 0x00, 0x00, 0x00, 0x00, 0x00, 0x00, 0x00, 0x00, 0xff, 0xff, 0x65, 0x25, 0xa1, 0x6f}, port: 8333},
	{addr: [16]byte{0x00, 0x00, 0x00, 0x00, 0x00, 0x00, 0x00, 0x00, 0x00, 0x00, 0xff, 0xff, 0x65, 0x25, 0xa1, 0x77}, port: 8333},
	{addr: [16]byte{0x00, 0x00, 0x00, 0x00, 0x00, 0x00, 0x00, 0x00, 0x00, 0x00, 0xff, 0xff, 0x65, 0x25, 0xa1, 0xd7}, port: 8333},
	{addr: [16]byte{0x00, 0x00, 0x00, 0x00, 0x00, 0x00, 0x00, 0x00, 0x00, 0x00, 0xff, 0xff, 0x65, 0x25, 0xa1, 0xf9}, port: 8333},
	{addr: [16]byte{0x00, 0x00, 0x00, 0x00, 0x00, 0x00, 0x00, 0x00, 0x00, 0x00, 0xff, 0xff, 0x65, 0x25, 0xa2, 0x47}, port: 8333},
	{addr: [16]byte{0x00, 0x00, 0x00, 0x00, 0x00, 0x00, 0x00, 0x00, 0x00, 0x00, 0xff, 0xff, 0x65, 0x25, 0xa2, 0x57}, port: 8333},
	{addr: [16]byte{0x00, 0x00, 0x00, 0x00, 0x00, 0x00, 0x00, 0x00, 0x00, 0x00, 0xff, 0xff, 0x65, 0x25, 0xa2, 0x5c}, port: 8333},
	{addr: [16]byte{0x00, 0x00, 0x00, 0x00, 0x00, 0x00, 0x00, 0x00, 0x00, 0x00, 0xff, 0xff, 0x65, 0x25, 0xa2, 0x90}, port: 8333},
	{addr: [16]byte{0x00, 0x00, 0x00, 0x00, 0x00, 0x00, 0x00, 0x00, 0x00, 0x00, 0xff, 0xff, 0x65, 0x25, 0xa3, 0x4d}, port: 8333},
	{addr: [16]byte{0x00, 0x00, 0x00, 0x00, 0x00, 0x00, 0x00, 0x00, 0x00, 0x00, 0xff, 0xff, 0x65, 0x25, 0xa3, 0x54}, port: 8333},
	{addr: [16]byte{0x00, 0x00, 0x00, 0x00, 0x00, 0x00, 0x00, 0x00, 0x00, 0x00, 0xff, 0xff, 0x65, 0x25, 0xa3, 0x84}, port: 8333},
	{addr: [16]byte{0x00, 0x00, 0x00, 0x00, 0x00, 0x00, 0x00, 0x00, 0x00, 0x00, 0xff, 0xff, 0x65, 0x25, 0xfd, 0xdb}, port: 8333},
	{addr: [16]byte{0x00, 0x00, 0x00, 0x00, 0x00, 0x00, 0x00, 0x00, 0x00, 0x00, 0xff, 0xff, 0x65, 0x25, 0xfd, 0xdf}, port: 8333},
	{addr: [16]byte{0x00, 0x00, 0x00, 0x00, 0x00, 0x00, 0x00, 0x00, 0x00, 0x00, 0xff, 0xff, 0x65, 0x25, 0xfd, 0xe8}, port: 8333},
	{addr: [16]byte{0x00, 0x00, 0x00, 0x00, 0x00, 0x00, 0x00, 0x00, 0x00, 0x00, 0xff, 0xff, 0x65, 0x84, 0x11, 0x27}, port: 8333},
	{addr: [16]byte{0x00, 0x00, 0x00, 0x00, 0x00, 0x00, 0x00, 0x00, 0x00, 0x00, 0xff, 0xff, 0x65, 0x84, 0x19, 0x45}, port: 8333},
	{addr: [16]byte{0x00, 0x00, 0x00, 0x00, 0x00, 0x00, 0x00, 0x00, 0x00, 0x00, 0xff, 0xff, 0x65, 0x84, 0x19, 0x5e}, port: 8333},
	{addr: [16]byte{0x00, 0x00, 0x00, 0x00, 0x00, 0x00, 0x00, 0x00, 0x00, 0x00, 0xff, 0xff, 0x65, 0x84, 0x19, 0x77}, port: 8333},
	{addr: [16]byte{0x00, 0x00, 0x00, 0x00, 0x00, 0x00, 0x00, 0x00, 0x00, 0x00, 0xff, 0xff, 0x65, 0x84, 0x19, 0xa9}, port: 8333},
	{addr: [16]byte{0x00, 0x00, 0x00, 0x00, 0x00, 0x00, 0x00, 0x00, 0x00, 0x00, 0xff, 0xff, 0x65, 0x84, 0x19, 0xad}, port: 8333},
	{addr: [16]byte{0x00, 0x00, 0x00, 0x00, 0x00, 0x00, 0x00, 0x00, 0x00, 0x00, 0xff, 0xff, 0x65, 0x84, 0x1a, 0x00}, port: 8333},
	{addr: [16]byte{0x00, 0x00, 0x00, 0x00, 0x00, 0x00, 0x00, 0x00, 0x00, 0x00, 0xff, 0xff, 0x65, 0x84, 0x1a, 0x11}, port: 8333},
	{addr: [16]byte{0x00, 0x00, 0x00, 0x00, 0x00, 0x00, 0x00, 0x00, 0x00, 0x00, 0xff, 0xff, 0x65, 0x84, 0x1a, 0x1c}, port: 8333},
	{addr: [16]byte{0x00, 0x00, 0x00, 0x00, 0x00, 0x00, 0x00, 0x00, 0x00, 0x00, 0xff, 0xff, 0x65, 0x84, 0x1a, 0x2f}, port: 8333},
	{addr: [16]byte{0x00, 0x00, 0x00, 0x00, 0x00, 0x00, 0x00, 0x00, 0x00, 0x00, 0xff, 0xff, 0x65, 0x84, 0x1a, 0x35}, port: 8333},
	{addr: [16]byte{0x00, 0x00, 0x00, 0x00, 0x00, 0x00, 0x00, 0x00, 0x00, 0x00, 0xff, 0xff, 0x65, 0x84, 0x1a, 0x42}, port: 8333},
	{addr: [16]byte{0x00, 0x00, 0x00, 0x00, 0x00, 0x00, 0x00, 0x00, 0x00, 0x00, 0xff, 0xff, 0x65, 0x84, 0x1a, 0x4c}, port: 8333},
	{addr: [16]byte{0x00, 0x00, 0x00, 0x00, 0x00, 0x00, 0x00, 0x00, 0x00, 0x00, 0xff, 0xff, 0x65, 0x84, 0x1a, 0x54}, port: 8333},
	{addr: [16]byte{0x00, 0x00, 0x00, 0x00, 0x00, 0x00, 0x00, 0x00, 0x00, 0x00, 0xff, 0xff, 0x65, 0x84, 0x1b, 0x8b}, port: 8333},
	{addr: [16]byte{0x00, 0x00, 0x00, 0x00, 0x00, 0x00, 0x00, 0x00, 0x00, 0x00, 0xff, 0xff, 0x65, 0xc9, 0x45, 0x46}, port: 8333},
	{addr: [16]byte{0x00, 0x00, 0x00, 0x00, 0x00, 0x00, 0x00, 0x00, 0x00, 0x00, 0xff, 0xff, 0x67, 0x18, 0x09, 0xdd}, port: 8335},
	{addr: [16]byte{0x00, 0x00, 0x00, 0x00, 0x00, 0x00, 0x00, 0x00, 0x00, 0x00, 0xff, 0xff, 0x67, 0x46, 0xc0, 0x80}, port: 8333},
	{addr: [16]byte{0x00, 0x00, 0x00, 0x00, 0x00, 0x00, 0x00, 0x00, 0x00, 0x00, 0xff, 0xff, 0x67, 0x55, 0x0e, 0x0a}, port: 5555},
	{addr: [16]byte{0x00, 0x00, 0x00, 0x00, 0x00, 0x00, 0x00, 0x00, 0x00, 0x00, 0xff, 0xff, 0x68, 0x20, 0x16, 0x1d}, port: 8333},
	{addr: [16]byte{0x00, 0x00, 0x00, 0x00, 0x00, 0x00, 0x00, 0x00, 0x00, 0x00, 0xff, 0xff, 0x68, 0x83, 0x33, 0x43}, port: 8333},
	{addr: [16]byte{0x00, 0x00, 0x00, 0x00, 0x00, 0x00, 0x00, 0x00, 0x00, 0x00, 0xff, 0xff, 0x68, 0x9a, 0xbd, 0x18}, port: 8333},
	{addr: [16]byte{0x00, 0x00, 0x00, 0x00, 0x00, 0x00, 0x00, 0x00, 0x00, 0x00, 0xff, 0xff, 0x68, 0xa8, 0x90, 0x1b}, port: 8333},
	{addr: [16]byte{0x00, 0x00, 0x00, 0x00, 0x00, 0x00, 0x00, 0x00, 0x00, 0x00, 0xff, 0xff, 0x68, 0xec, 0x2f, 0x97}, port: 8333},
	{addr: [16]byte{0x00, 0x00, 0x00, 0x00, 0x00, 0x00, 0x00, 0x00, 0x00, 0x00, 0xff, 0xff, 0x68, 0xec, 0xdf, 0x92}, port: 8333},
	{addr: [16]byte{0x00, 0x00, 0x00, 0x00, 0x00, 0x00, 0x00, 0x00, 0x00, 0x00, 0xff, 0xff, 0x68, 0xec, 0xe7, 0x33}, port: 8333},
	{addr: [16]byte{0x00, 0x00, 0x00, 0x00, 0x00, 0x00, 0x00, 0x00, 0x00, 0x00, 0xff, 0xff, 0x68, 0xed, 0x91, 0x67}, port: 8333},
	{addr: [16]byte{0x00, 0x00, 0x00, 0x00, 0x00, 0x00, 0x00, 0x00, 0x00, 0x00, 0xff, 0xff, 0x68, 0xee, 0x83, 0x74}, port: 8333},
	{addr: [16]byte{0x00, 0x00, 0x00, 0x00, 0x00, 0x00, 0x00, 0x00, 0x00, 0x00, 0xff, 0xff, 0x68, 0xee, 0x86, 0x1c}, port: 8333},
	{addr: [16]byte{0x00, 0x00, 0x00, 0x00, 0x00, 0x00, 0x00, 0x00, 0x00, 0x00, 0xff, 0xff, 0x68, 0xee, 0x93, 0x64}, port: 8333},
	{addr: [16]byte{0x00, 0x00, 0x00, 0x00, 0x00, 0x00, 0x00, 0x00, 0x00, 0x00, 0xff, 0xff, 0x68, 0xee, 0xbb, 0xc8}, port: 8333},
	{addr: [16]byte{0x00, 0x00, 0x00, 0x00, 0x00, 0x00, 0x00, 0x00, 0x00, 0x00, 0xff, 0xff, 0x6a, 0x0e, 0x18, 0x72}, port: 8333},
	{addr: [16]byte{0x00, 0x00, 0x00, 0x00, 0x00, 0x00, 0x00, 0x00, 0x00, 0x00, 0xff, 0xff, 0x6a, 0x0e, 0x19, 0x9e}, port: 8333},
	{addr: [16]byte{0x00, 0x00, 0x00, 0x00, 0x00, 0x00, 0x00, 0x00, 0x00, 0x00, 0xff, 0xff, 0x6a, 0x0e, 0x68, 0x06}, port: 8333},
	{addr: [16]byte{0x00, 0x00, 0x00, 0x00, 0x00, 0x00, 0x00, 0x00, 0x00, 0x00, 0xff, 0xff, 0x6a, 0x0e, 0x68, 0x22}, port: 8333},
	{addr: [16]byte{0x00, 0x00, 0x00, 0x00, 0x00, 0x00, 0x00, 0x00, 0x00, 0x00, 0xff, 0xff, 0x6a, 0x0e, 0x68, 0x24}, port: 8333},
	{addr: [16]byte{0x00, 0x00, 0x00, 0x00, 0x00, 0x00, 0x00, 0x00, 0x00, 0x00, 0xff, 0xff, 0x6a, 0x0e, 0x68, 0x27}, port: 8333},
	{addr: [16]byte{0x00, 0x00, 0x00, 0x00, 0x00, 0x00, 0x00, 0x00, 0x00, 0x00, 0xff, 0xff, 0x6a, 0x0e, 0x68, 0x31}, port: 8333},
	{addr: [16]byte{0x00, 0x00, 0x00, 0x00, 0x00, 0x00, 0x00, 0x00, 0x00, 0x00, 0xff, 0xff, 0x6a, 0x0e, 0x68, 0x54}, port: 8333},
	{addr: [16]byte{0x00, 0x00, 0x00, 0x00, 0x00, 0x00, 0x00, 0x00, 0x00, 0x00, 0xff, 0xff, 0x6a, 0x0e, 0x68, 0xa7}, port: 8333},
	{addr: [16]byte{0x00, 0x00, 0x00, 0x00, 0x00, 0x00, 0x00, 0x00, 0x00, 0x00, 0xff, 0xff, 0x6a, 0x0e, 0x68, 0xab}, port: 8333},
	{addr: [16]byte{0x00, 0x00, 0x00, 0x00, 0x00, 0x00, 0x00, 0x00, 0x00, 0x00, 0xff, 0xff, 0x6a, 0x0e, 0x68, 0xea}, port: 8333},
	{addr: [16]byte{0x00, 0x00, 0x00, 0x00, 0x00, 0x00, 0x00, 0x00, 0x00, 0x00, 0xff, 0xff, 0x6a, 0x0e, 0x68, 0xf1}, port: 8333},
	{addr: [16]byte{0x00, 0x00, 0x00, 0x00, 0x00, 0x00, 0x00, 0x00, 0x00, 0x00, 0xff, 0xff, 0x6a, 0x0e, 0x68, 0xf9}, port: 8333},
	{addr: [16]byte{0x00, 0x00, 0x00, 0x00, 0x00, 0x00, 0x00, 0x00, 0x00, 0x00, 0xff, 0xff, 0x6a, 0x0e, 0x69, 0x07}, port: 8333},
	{addr: [16]byte{0x00, 0x00, 0x00, 0x00, 0x00, 0x00, 0x00, 0x00, 0x00, 0x00, 0xff, 0xff, 0x6a, 0x0e, 0x69, 0x09}, port: 8333},
	{addr: [16]byte{0x00, 0x00, 0x00, 0x00, 0x00, 0x00, 0x00, 0x00, 0x00, 0x00, 0xff, 0xff, 0x6a, 0x0e, 0x69, 0x0b}, port: 8333},
	{addr: [16]byte{0x00, 0x00, 0x00, 0x00, 0x00, 0x00, 0x00, 0x00, 0x00, 0x00, 0xff, 0xff, 0x6a, 0x0e, 0x69, 0x0d}, port: 8333},
	{addr: [16]byte{0x00, 0x00, 0x00, 0x00, 0x00, 0x00, 0x00, 0x00, 0x00, 0x00, 0xff, 0xff, 0x6a, 0x0e, 0x69, 0x12}, port: 8333},
	{addr: [16]byte{0x00, 0x00, 0x00, 0x00, 0x00, 0x00, 0x00, 0x00, 0x00, 0x00, 0xff, 0xff, 0x6a, 0x0e, 0x69, 0x18}, port: 8333},
	{addr: [16]byte{0x00, 0x00, 0x00, 0x00, 0x00, 0x00, 0x00, 0x00, 0x00, 0x00, 0xff, 0xff, 0x6a, 0x0e, 0x69, 0x22}, port: 8333},
	{addr: [16]byte{0x00, 0x00, 0x00, 0x00, 0x00, 0x00, 0x00, 0x00, 0x00, 0x00, 0xff, 0xff, 0x6a, 0x0e, 0x69, 0x2d}, port: 8333},
	{addr: [16]byte{0x00, 0x00, 0x00, 0x00, 0x00, 0x00, 0x00, 0x00, 0x00, 0x00, 0xff, 0xff, 0x6a, 0x0e, 0x69, 0x2e}, port: 8333},
	{addr: [16]byte{0x00, 0x00, 0x00, 0x00, 0x00, 0x00, 0x00, 0x00, 0x00, 0x00, 0xff, 0xff, 0x6a, 0x0e, 0x69, 0x30}, port: 8333},
	{addr: [16]byte{0x00, 0x00, 0x00, 0x00, 0x00, 0x00, 0x00, 0x00, 0x00, 0x00, 0xff, 0xff, 0x6a, 0x0e, 0x69, 0x32}, port: 8333},
	{addr: [16]byte{0x00, 0x00, 0x00, 0x00, 0x00, 0x00, 0x00, 0x00, 0x00, 0x00, 0xff, 0xff, 0x6a, 0x0e, 0x69, 0x35}, port: 8333},
	{addr: [16]byte{0x00, 0x00, 0x00, 0x00, 0x00, 0x00, 0x00, 0x00, 0x00, 0x00, 0xff, 0xff, 0x6a, 0x0e, 0x69, 0x36}, port: 8333},
	{addr: [16]byte{0x00, 0x00, 0x00, 0x00, 0x00, 0x00, 0x00, 0x00, 0x00, 0x00, 0xff, 0xff, 0x6a, 0x0e, 0x69, 0x37}, port: 8333},
	{addr: [16]byte{0x00, 0x00, 0x00, 0x00, 0x00, 0x00, 0x00, 0x00, 0x00, 0x00, 0xff, 0xff, 0x6a, 0x0e, 0x69, 0x38}, port: 8333},
	{addr: [16]byte{0x00, 0x00, 0x00, 0x00, 0x00, 0x00, 0x00, 0x00, 0x00, 0x00, 0xff, 0xff, 0x6a, 0x0e, 0x69, 0x39}, port: 8333},
	{addr: [16]byte{0x00, 0x00, 0x00, 0x00, 0x00, 0x00, 0x00, 0x00, 0x00, 0x00, 0xff, 0xff, 0x6a, 0x0e, 0x69, 0x3b}, port: 8333},
	{addr: [16]byte{0x00, 0x00, 0x00, 0x00, 0x00, 0x00, 0x00, 0x00, 0x00, 0x00, 0xff, 0xff, 0x6a, 0x0e, 0x69, 0x3d}, port: 8333},
	{addr: [16]byte{0x00, 0x00, 0x00, 0x00, 0x00, 0x00, 0x00, 0x00, 0x00, 0x00, 0xff, 0xff, 0x6a, 0x0e, 0x69, 0x40}, port: 8333},
	{addr: [16]byte{0x00, 0x00, 0x00, 0x00, 0x00, 0x00, 0x00, 0x00, 0x00, 0x00, 0xff, 0xff, 0x6a, 0x0e, 0x69, 0x41}, port: 8333},
	{addr: [16]byte{0x00, 0x00, 0x00, 0x00, 0x00, 0x00, 0x00, 0x00, 0x00, 0x00, 0xff, 0xff, 0x6a, 0x0e, 0x69, 0x4a}, port: 8333},
	{addr: [16]byte{0x00, 0x00, 0x00, 0x00, 0x00, 0x00, 0x00, 0x00, 0x00, 0x00, 0xff, 0xff, 0x6a, 0x0e, 0x69, 0x4b}, port: 8333},
	{addr: [16]byte{0x00, 0x00, 0x00, 0x00, 0x00, 0x00, 0x00, 0x00, 0x00, 0x00, 0xff, 0xff, 0x6a, 0x0e, 0x69, 0x67}, port: 8333},
	{addr: [16]byte{0x00, 0x00, 0x00, 0x00, 0x00, 0x00, 0x00, 0x00, 0x00, 0x00, 0xff, 0xff, 0x6a, 0x0e, 0x69, 0x80}, port: 8333},
	{addr: [16]byte{0x00, 0x00, 0x00, 0x00, 0x00, 0x00, 0x00, 0x00, 0x00, 0x00, 0xff, 0xff, 0x6a, 0x0e, 0x69, 0xa0}, port: 8333},
	{addr: [16]byte{0x00, 0x00, 0x00, 0x00, 0x00, 0x00, 0x00, 0x00, 0x00, 0x00, 0xff, 0xff, 0x6a, 0x0e, 0x69, 0xa7}, port: 8333},
	{addr: [16]byte{0x00, 0x00, 0x00, 0x00, 0x00, 0x00, 0x00, 0x00, 0x00, 0x00, 0xff, 0xff, 0x6a, 0x0e, 0x69, 0xc5}, port: 8333},
	{addr: [16]byte{0x00, 0x00, 0x00, 0x00, 0x00, 0x00, 0x00, 0x00, 0x00, 0x00, 0xff, 0xff, 0x6a, 0x0f, 0x24, 0x5f}, port: 8333},
	{addr: [16]byte{0x00, 0x00, 0x00, 0x00, 0x00, 0x00, 0x00, 0x00, 0x00, 0x00, 0xff, 0xff, 0x6a, 0x0f, 0x26, 0xb5}, port: 8333},
	{addr: [16]byte{0x00, 0x00, 0x00, 0x00, 0x00, 0x00, 0x00, 0x00, 0x00, 0x00, 0xff, 0xff, 0x6a, 0x0f, 0x34, 0x08}, port: 8333},
	{addr: [16]byte{0x00, 0x00, 0x00, 0x00, 0x00, 0x00, 0x00, 0x00, 0x00, 0x00, 0xff, 0xff, 0x6a, 0x0f, 0x34, 0x53}, port: 8333},
	{addr: [16]byte{0x00, 0x00, 0x00, 0x00, 0x00, 0x00, 0x00, 0x00, 0x00, 0x00, 0xff, 0xff, 0x6a, 0x0f, 0x34, 0x8e}, port: 8333},
	{addr: [16]byte{0x00, 0x00, 0x00, 0x00, 0x00, 0x00, 0x00, 0x00, 0x00, 0x00, 0xff, 0xff, 0x6a, 0x0f, 0x34, 0x99}, port: 8333},
	{addr: [16]byte{0x00, 0x00, 0x00, 0x00, 0x00, 0x00, 0x00, 0x00, 0x00, 0x00, 0xff, 0xff, 0x6a, 0x0f, 0x34, 0xbf}, port: 8333},
	{addr: [16]byte{0x00, 0x00, 0x00, 0x00, 0x00, 0x00, 0x00, 0x00, 0x00, 0x00, 0xff, 0xff, 0x6a, 0x0f, 0x34, 0xd8}, port: 8333},
	{addr: [16]byte{0x00, 0x00, 0x00, 0x00, 0x00, 0x00, 0x00, 0x00, 0x00, 0x00, 0xff, 0xff, 0x6a, 0x0f, 0x34, 0xe7}, port: 8333},
	{addr: [16]byte{0x00, 0x00, 0x00, 0x00, 0x00, 0x00, 0x00, 0x00, 0x00, 0x00, 0xff, 0xff, 0x6a, 0x0f, 0x34, 0xeb}, port: 8333},
	{addr: [16]byte{0x00, 0x00, 0x00, 0x00, 0x00, 0x00, 0x00, 0x00, 0x00, 0x00, 0xff, 0xff, 0x6a, 0x0f, 0x35, 0x02}, port: 8333},
	{addr: [16]byte{0x00, 0x00, 0x00, 0x00, 0x00, 0x00, 0x00, 0x00, 0x00, 0x00, 0xff, 0xff, 0x6a, 0x0f, 0x35, 0x05}, port: 8333},
	{addr: [16]byte{0x00, 0x00, 0x00, 0x00, 0x00, 0x00, 0x00, 0x00, 0x00, 0x00, 0xff, 0xff, 0x6a, 0x0f, 0x38, 0x1b}, port: 8333},
	{addr: [16]byte{0x00, 0x00, 0x00, 0x00, 0x00, 0x00, 0x00, 0x00, 0x00, 0x00, 0xff, 0xff, 0x6a, 0x0f, 0x38, 0x1d}, port: 8333},
	{addr: [16]byte{0x00, 0x00, 0x00, 0x00, 0x00, 0x00, 0x00, 0x00, 0x00, 0x00, 0xff, 0xff, 0x6a, 0x0f, 0x38, 0x43}, port: 8333},
	{addr: [16]byte{0x00, 0x00, 0x00, 0x00, 0x00, 0x00, 0x00, 0x00, 0x00, 0x00, 0xff, 0xff, 0x6a, 0x0f, 0x38, 0x51}, port: 8333},
	{addr: [16]byte{0x00, 0x00, 0x00, 0x00, 0x00, 0x00, 0x00, 0x00, 0x00, 0x00, 0xff, 0xff, 0x6a, 0x0f, 0x38, 0xb7}, port: 8333},
	{addr: [16]byte{0x00, 0x00, 0x00, 0x00, 0x00, 0x00, 0x00, 0x00, 0x00, 0x00, 0xff, 0xff, 0x6a, 0x0f, 0x38, 0xbf}, port: 8333},
	{addr: [16]byte{0x00, 0x00, 0x00, 0x00, 0x00, 0x00, 0x00, 0x00, 0x00, 0x00, 0xff, 0xff, 0x6a, 0x0f, 0x38, 0xeb}, port: 8333},
	{addr: [16]byte{0x00, 0x00, 0x00, 0x00, 0x00, 0x00, 0x00, 0x00, 0x00, 0x00, 0xff, 0xff, 0x6a, 0x0f, 0x39, 0x0a}, port: 8333},
	{addr: [16]byte{0x00, 0x00, 0x00, 0x00, 0x00, 0x00, 0x00, 0x00, 0x00, 0x00, 0xff, 0xff, 0x6a, 0x0f, 0x39, 0x12}, port: 8333},
	{addr: [16]byte{0x00, 0x00, 0x00, 0x00, 0x00, 0x00, 0x00, 0x00, 0x00, 0x00, 0xff, 0xff, 0x6a, 0x0f, 0x39, 0x21}, port: 8333},
	{addr: [16]byte{0x00, 0x00, 0x00, 0x00, 0x00, 0x00, 0x00, 0x00, 0x00, 0x00, 0xff, 0xff, 0x6a, 0x0f, 0x39, 0x2e}, port: 8333},
	{addr: [16]byte{0x00, 0x00, 0x00, 0x00, 0x00, 0x00, 0x00, 0x00, 0x00, 0x00, 0xff, 0xff, 0x6a, 0x0f, 0x39, 0x3f}, port: 8333},
	{addr: [16]byte{0x00, 0x00, 0x00, 0x00, 0x00, 0x00, 0x00, 0x00, 0x00, 0x00, 0xff, 0xff, 0x6a, 0x0f, 0x39, 0x6e}, port: 8333},
	{addr: [16]byte{0x00, 0x00, 0x00, 0x00, 0x00, 0x00, 0x00, 0x00, 0x00, 0x00, 0xff, 0xff, 0x6a, 0x0f, 0x4a, 0x13}, port: 8333},
	{addr: [16]byte{0x00, 0x00, 0x00, 0x00, 0x00, 0x00, 0x00, 0x00, 0x00, 0x00, 0xff, 0xff, 0x6a, 0x0f, 0x4a, 0x35}, port: 8333},
	{addr: [16]byte{0x00, 0x00, 0x00, 0x00, 0x00, 0x00, 0x00, 0x00, 0x00, 0x00, 0xff, 0xff, 0x6a, 0x0f, 0x4a, 0x48}, port: 8333},
	{addr: [16]byte{0x00, 0x00, 0x00, 0x00, 0x00, 0x00, 0x00, 0x00, 0x00, 0x00, 0xff, 0xff, 0x6a, 0x0f, 0x4b, 0xc9}, port: 8333},
	{addr: [16]byte{0x00, 0x00, 0x00, 0x00, 0x00, 0x00, 0x00, 0x00, 0x00, 0x00, 0xff, 0xff, 0x6b, 0x06, 0xb5, 0xa9}, port: 8333},
	{addr: [16]byte{0x00, 0x00, 0x00, 0x00, 0x00, 0x00, 0x00, 0x00, 0x00, 0x00, 0xff, 0xff, 0x6b, 0x17, 0xa7, 0x96}, port: 8333},
	{addr: [16]byte{0x00, 0x00, 0x00, 0x00, 0x00, 0x00, 0x00, 0x00, 0x00, 0x00, 0xff, 0xff, 0x6b, 0x17, 0xb8, 0x21}, port: 8333},
	{addr: [16]byte{0x00, 0x00, 0x00, 0x00, 0x00, 0x00, 0x00, 0x00, 0x00, 0x00, 0xff, 0xff, 0x6b, 0xaa, 0xe7, 0x99}, port: 8333},
	{addr: [16]byte{0x00, 0x00, 0x00, 0x00, 0x00, 0x00, 0x00, 0x00, 0x00, 0x00, 0xff, 0xff, 0x6b, 0xbd, 0x24, 0x04}, port: 8333},
	{addr: [16]byte{0x00, 0x00, 0x00, 0x00, 0x00, 0x00, 0x00, 0x00, 0x00, 0x00, 0xff, 0xff, 0x6b, 0xbf, 0x3f, 0xe0}, port: 8333},
	{addr: [16]byte{0x00, 0x00, 0x00, 0x00, 0x00, 0x00, 0x00, 0x00, 0x00, 0x00, 0xff, 0xff, 0x6c, 0x31, 0x1e, 0xa4}, port: 8333},
	{addr: [16]byte{0x00, 0x00, 0x00, 0x00, 0x00, 0x00, 0x00, 0x00, 0x00, 0x00, 0xff, 0xff, 0x6c, 0x3d, 0xa1, 0x0a}, port: 8333},
	{addr: [16]byte{0x00, 0x00, 0x00, 0x00, 0x00, 0x00, 0x00, 0x00, 0x00, 0x00, 0xff, 0xff, 0x6c, 0x3d, 0xa7, 0x95}, port: 8333},
	{addr: [16]byte{0x00, 0x00, 0x00, 0x00, 0x00, 0x00, 0x00, 0x00, 0x00, 0x00, 0xff, 0xff, 0x6c, 0x3d, 0xa8, 0x0e}, port: 8333},
	{addr: [16]byte{0x00, 0x00, 0x00, 0x00, 0x00, 0x00, 0x00, 0x00, 0x00, 0x00, 0xff, 0xff, 0x6c, 0x3d, 0xb3, 0xab}, port: 8333},
	{addr: [16]byte{0x00, 0x00, 0x00, 0x00, 0x00, 0x00, 0x00, 0x00, 0x00, 0x00, 0xff, 0xff, 0x6c, 0x3d, 0xcc, 0xdb}, port: 8333},
	{addr: [16]byte{0x00, 0x00, 0x00, 0x00, 0x00, 0x00, 0x00, 0x00, 0x00, 0x00, 0xff, 0xff, 0x6c, 0x3d, 0xcd, 0x76}, port: 8333},
	{addr: [16]byte{0x00, 0x00, 0x00, 0x00, 0x00, 0x00, 0x00, 0x00, 0x00, 0x00, 0xff, 0xff, 0x6c, 0x3d, 0xcd, 0xac}, port: 8333},
	{addr: [16]byte{0x00, 0x00, 0x00, 0x00, 0x00, 0x00, 0x00, 0x00, 0x00, 0x00, 0xff, 0xff, 0x6c, 0x3d, 0xcf, 0x74}, port: 8333},
	{addr: [16]byte{0x00, 0x00, 0x00, 0x00, 0x00, 0x00, 0x00, 0x00, 0x00, 0x00, 0xff, 0xff, 0x6c, 0x3d, 0xd1, 0x9e}, port: 8333},
	{addr: [16]byte{0x00, 0x00, 0x00, 0x00, 0x00, 0x00, 0x00, 0x00, 0x00, 0x00, 0xff, 0xff, 0x6c, 0xe6, 0x88, 0xde}, port: 8333},
	{addr: [16]byte{0x00, 0x00, 0x00, 0x00, 0x00, 0x00, 0x00, 0x00, 0x00, 0x00, 0xff, 0xff, 0x6d, 0x81, 0xaa, 0x38}, port: 8334},
	{addr: [16]byte{0x00, 0x00, 0x00, 0x00, 0x00, 0x00, 0x00, 0x00, 0x00, 0x00, 0xff, 0xff, 0x6d, 0x91, 0x2a, 0xa3}, port: 8333},
	{addr: [16]byte{0x00, 0x00, 0x00, 0x00, 0x00, 0x00, 0x00, 0x00, 0x00, 0x00, 0xff, 0xff, 0x6d, 0xee, 0x51, 0x52}, port: 8444},
	{addr: [16]byte{0x00, 0x00, 0x00, 0x00, 0x00, 0x00, 0x00, 0x00, 0x00, 0x00, 0xff, 0xff, 0x70, 0x4a, 0x39, 0xb3}, port: 8333},
	{addr: [16]byte{0x00, 0x00, 0x00, 0x00, 0x00, 0x00, 0x00, 0x00, 0x00, 0x00, 0xff, 0xff, 0x74, 0x3e, 0x0c, 0x06}, port: 8333},
	{addr: [16]byte{0x00, 0x00, 0x00, 0x00, 0x00, 0x00, 0x00, 0x00, 0x00, 0x00, 0xff, 0xff, 0x74, 0x3e, 0x0d, 0x8e}, port: 8333},
	{addr: [16]byte{0x00, 0x00, 0x00, 0x00, 0x00, 0x00, 0x00, 0x00, 0x00, 0x00, 0xff, 0xff, 0x74, 0x3e, 0x0d, 0x96}, port: 8333},
	{addr: [16]byte{0x00, 0x00, 0x00, 0x00, 0x00, 0x00, 0x00, 0x00, 0x00, 0x00, 0xff, 0xff, 0x74, 0x3e, 0x0d, 0xb3}, port: 8333},
	{addr: [16]byte{0x00, 0x00, 0x00, 0x00, 0x00, 0x00, 0x00, 0x00, 0x00, 0x00, 0xff, 0xff, 0x74, 0x3e, 0x0d, 0xb9}, port: 8333},
	{addr: [16]byte{0x00, 0x00, 0x00, 0x00, 0x00, 0x00, 0x00, 0x00, 0x00, 0x00, 0xff, 0xff, 0x74, 0x3e, 0x0d, 0xc6}, port: 8333},
	{addr: [16]byte{0x00, 0x00, 0x00, 0x00, 0x00, 0x00, 0x00, 0x00, 0x00, 0x00, 0xff, 0xff, 0x74, 0x3e, 0x0d, 0xce}, port: 8333},
	{addr: [16]byte{0x00, 0x00, 0x00, 0x00, 0x00, 0x00, 0x00, 0x00, 0x00, 0x00, 0xff, 0xff, 0x74, 0x3e, 0x0d, 0xd1}, port: 8333},
	{addr: [16]byte{0x00, 0x00, 0x00, 0x00, 0x00, 0x00, 0x00, 0x00, 0x00, 0x00, 0xff, 0xff, 0x74, 0x3e, 0x0d, 0xd2}, port: 8333},
	{addr: [16]byte{0x00, 0x00, 0x00, 0x00, 0x00, 0x00, 0x00, 0x00, 0x00, 0x00, 0xff, 0xff, 0x74, 0x3e, 0x0d, 0xdb}, port: 8333},
	{addr: [16]byte{0x00, 0x00, 0x00, 0x00, 0x00, 0x00, 0x00, 0x00, 0x00, 0x00, 0xff, 0xff, 0x74, 0x3e, 0x0d, 0xde}, port: 8333},
	{addr: [16]byte{0x00, 0x00, 0x00, 0x00, 0x00, 0x00, 0x00, 0x00, 0x00, 0x00, 0xff, 0xff, 0x74, 0x3e, 0x0d, 0xe0}, port: 8333},
	{addr: [16]byte{0x00, 0x00, 0x00, 0x00, 0x00, 0x00, 0x00, 0x00, 0x00, 0x00, 0xff, 0xff, 0x76, 0x1f, 0xa4, 0x53}, port: 8333},
	{addr: [16]byte{0x00, 0x00, 0x00, 0x00, 0x00, 0x00, 0x00, 0x00, 0x00, 0x00, 0xff, 0xff, 0x76, 0x1f, 0xa4, 0x6c}, port: 8333},
	{addr: [16]byte{0x00, 0x00, 0x00, 0x00, 0x00, 0x00, 0x00, 0x00, 0x00, 0x00, 0xff, 0xff, 0x76, 0x1f, 0xa4, 0x93}, port: 8333},
	{addr: [16]byte{0x00, 0x00, 0x00, 0x00, 0x00, 0x00, 0x00, 0x00, 0x00, 0x00, 0xff, 0xff, 0x76, 0x1f, 0xa4, 0xc1}, port: 8333},
	{addr: [16]byte{0x00, 0x00, 0x00, 0x00, 0x00, 0x00, 0x00, 0x00, 0x00, 0x00, 0xff, 0xff, 0x76, 0x1f, 0xa5, 0xfa}, port: 8333},
	{addr: [16]byte{0x00, 0x00, 0x00, 0x00, 0x00, 0x00, 0x00, 0x00, 0x00, 0x00, 0xff, 0xff, 0x76, 0x1f, 0xa6, 0x14}, port: 8333},
	{addr: [16]byte{0x00, 0x00, 0x00, 0x00, 0x00, 0x00, 0x00, 0x00, 0x00, 0x00, 0xff, 0xff, 0x76, 0x1f, 0xa6, 0x2e}, port: 8333},
	{addr: [16]byte{0x00, 0x00, 0x00, 0x00, 0x00, 0x00, 0x00, 0x00, 0x00, 0x00, 0xff, 0xff, 0x76, 0x1f, 0xa6, 0x32}, port: 8333},
	{addr: [16]byte{0x00, 0x00, 0x00, 0x00, 0x00, 0x00, 0x00, 0x00, 0x00, 0x00, 0xff, 0xff, 0x76, 0x1f, 0xa6, 0x34}, port: 8333},
	{addr: [16]byte{0x00, 0x00, 0x00, 0x00, 0x00, 0x00, 0x00, 0x00, 0x00, 0x00, 0xff, 0xff, 0x76, 0x1f, 0xa6, 0x41}, port: 8333},
	{addr: [16]byte{0x00, 0x00, 0x00, 0x00, 0x00, 0x00, 0x00, 0x00, 0x00, 0x00, 0xff, 0xff, 0x76, 0x1f, 0xa6, 0x42}, port: 8333},
	{addr: [16]byte{0x00, 0x00, 0x00, 0x00, 0x00, 0x00, 0x00, 0x00, 0x00, 0x00, 0xff, 0xff, 0x76, 0x1f, 0xa6, 0x44}, port: 8333},
	{addr: [16]byte{0x00, 0x00, 0x00, 0x00, 0x00, 0x00, 0x00, 0x00, 0x00, 0x00, 0xff, 0xff, 0x76, 0x1f, 0xa6, 0x55}, port: 8333},
	{addr: [16]byte{0x00, 0x00, 0x00, 0x00, 0x00, 0x00, 0x00, 0x00, 0x00, 0x00, 0xff, 0xff, 0x76, 0x1f, 0xa6, 0x56}, port: 8333},
	{addr: [16]byte{0x00, 0x00, 0x00, 0x00, 0x00, 0x00, 0x00, 0x00, 0x00, 0x00, 0xff, 0xff, 0x76, 0x1f, 0xa6, 0x58}, port: 8333},
	{addr: [16]byte{0x00, 0x00, 0x00, 0x00, 0x00, 0x00, 0x00, 0x00, 0x00, 0x00, 0xff, 0xff, 0x76, 0x1f, 0xa6, 0x5c}, port: 8333},
	{addr: [16]byte{0x00, 0x00, 0x00, 0x00, 0x00, 0x00, 0x00, 0x00, 0x00, 0x00, 0xff, 0xff, 0x76, 0x1f, 0xa6, 0x5d}, port: 8333},
	{addr: [16]byte{0x00, 0x00, 0x00, 0x00, 0x00, 0x00, 0x00, 0x00, 0x00, 0x00, 0xff, 0xff, 0x76, 0x1f, 0xa6, 0x5e}, port: 8333},
	{addr: [16]byte{0x00, 0x00, 0x00, 0x00, 0x00, 0x00, 0x00, 0x00, 0x00, 0x00, 0xff, 0xff, 0x76, 0x1f, 0xa6, 0x6a}, port: 8333},
	{addr: [16]byte{0x00, 0x00, 0x00, 0x00, 0x00, 0x00, 0x00, 0x00, 0x00, 0x00, 0xff, 0xff, 0x76, 0x1f, 0xa6, 0x6c}, port: 8333},
	{addr: [16]byte{0x00, 0x00, 0x00, 0x00, 0x00, 0x00, 0x00, 0x00, 0x00, 0x00, 0xff, 0xff, 0x76, 0x1f, 0xa6, 0x6d}, port: 8333},
	{addr: [16]byte{0x00, 0x00, 0x00, 0x00, 0x00, 0x00, 0x00, 0x00, 0x00, 0x00, 0xff, 0xff, 0x76, 0x1f, 0xa6, 0x71}, port: 8333},
	{addr: [16]byte{0x00, 0x00, 0x00, 0x00, 0x00, 0x00, 0x00, 0x00, 0x00, 0x00, 0xff, 0xff, 0x76, 0x1f, 0xa6, 0x74}, port: 8333},
	{addr: [16]byte{0x00, 0x00, 0x00, 0x00, 0x00, 0x00, 0x00, 0x00, 0x00, 0x00, 0xff, 0xff, 0x76, 0x1f, 0xa9, 0x62}, port: 8333},
	{addr: [16]byte{0x00, 0x00, 0x00, 0x00, 0x00, 0x00, 0x00, 0x00, 0x00, 0x00, 0xff, 0xff, 0x76, 0x1f, 0xa9, 0xaa}, port: 8333},
	{addr: [16]byte{0x00, 0x00, 0x00, 0x00, 0x00, 0x00, 0x00, 0x00, 0x00, 0x00, 0xff, 0xff, 0x76, 0x1f, 0xa9, 0xc7}, port: 8333},
	{addr: [16]byte{0x00, 0x00, 0x00, 0x00, 0x00, 0x00, 0x00, 0x00, 0x00, 0x00, 0xff, 0xff, 0x76, 0x1f, 0xa9, 0xdd}, port: 8333},
	{addr: [16]byte{0x00, 0x00, 0x00, 0x00, 0x00, 0x00, 0x00, 0x00, 0x00, 0x00, 0xff, 0xff, 0x76, 0xab, 0x6c, 0xa9}, port: 8333},
	{addr: [16]byte{0x00, 0x00, 0x00, 0x00, 0x00, 0x00, 0x00, 0x00, 0x00, 0x00, 0xff, 0xff, 0x76, 0xc1, 0x8d, 0x57}, port: 8333},
	{addr: [16]byte{0x00, 0x00, 0x00, 0x00, 0x00, 0x00, 0x00, 0x00, 0x00, 0x00, 0xff, 0xff, 0x77, 0x17, 0x80, 0x01}, port: 8333},
	{addr: [16]byte{0x00, 0x00, 0x00, 0x00, 0x00, 0x00, 0x00, 0x00, 0x00, 0x00, 0xff, 0xff, 0x77, 0x17, 0x88, 0x11}, port: 8333},
	{addr: [16]byte{0x00, 0x00, 0x00, 0x00, 0x00, 0x00, 0x00, 0x00, 0x00, 0x00, 0xff, 0xff, 0x77, 0x17, 0x89, 0x1f}, port: 8333},
	{addr: [16]byte{0x00, 0x00, 0x00, 0x00, 0x00, 0x00, 0x00, 0x00, 0x00, 0x00, 0xff, 0xff, 0x77, 0x17, 0x89, 0x68}, port: 8333},
	{addr: [16]byte{0x00, 0x00, 0x00, 0x00, 0x00, 0x00, 0x00, 0x00, 0x00, 0x00, 0xff, 0xff, 0x77, 0x17, 0x89, 0x81}, port: 8333},
	{addr: [16]byte{0x00, 0x00, 0x00, 0x00, 0x00, 0x00, 0x00, 0x00, 0x00, 0x00, 0xff, 0xff, 0x77, 0x17, 0x89, 0x93}, port: 8333},
	{addr: [16]byte{0x00, 0x00, 0x00, 0x00, 0x00, 0x00, 0x00, 0x00, 0x00, 0x00, 0xff, 0xff, 0x77, 0x17, 0xa0, 0x92}, port: 8333},
	{addr: [16]byte{0x00, 0x00, 0x00, 0x00, 0x00, 0x00, 0x00, 0x00, 0x00, 0x00, 0xff, 0xff, 0x77, 0x17, 0xa1, 0x0a}, port: 8333},
	{addr: [16]byte{0x00, 0x00, 0x00, 0x00, 0x00, 0x00, 0x00, 0x00, 0x00, 0x00, 0xff, 0xff, 0x77, 0x17, 0xa1, 0x0d}, port: 8333},
	{addr: [16]byte{0x00, 0x00, 0x00, 0x00, 0x00, 0x00, 0x00, 0x00, 0x00, 0x00, 0xff, 0xff, 0x77, 0x17, 0xa1, 0x0f}, port: 8333},
	{addr: [16]byte{0x00, 0x00, 0x00, 0x00, 0x00, 0x00, 0x00, 0x00, 0x00, 0x00, 0xff, 0xff, 0x77, 0x17, 0xa1, 0x15}, port: 8333},
	{addr: [16]byte{0x00, 0x00, 0x00, 0x00, 0x00, 0x00, 0x00, 0x00, 0x00, 0x00, 0xff, 0xff, 0x77, 0x17, 0xa1, 0xbb}, port: 8333},
	{addr: [16]byte{0x00, 0x00, 0x00, 0x00, 0x00, 0x00, 0x00, 0x00, 0x00, 0x00, 0xff, 0xff, 0x77, 0x17, 0xac, 0x0e}, port: 8333},
	{addr: [16]byte{0x00, 0x00, 0x00, 0x00, 0x00, 0x00, 0x00, 0x00, 0x00, 0x00, 0xff, 0xff, 0x77, 0x17, 0xac, 0xa7}, port: 8333},
	{addr: [16]byte{0x00, 0x00, 0x00, 0x00, 0x00, 0x00, 0x00, 0x00, 0x00, 0x00, 0xff, 0xff, 0x77, 0x17, 0xad, 0x58}, port: 8333},
	{addr: [16]byte{0x00, 0x00, 0x00, 0x00, 0x00, 0x00, 0x00, 0x00, 0x00, 0x00, 0xff, 0xff, 0x77, 0x17, 0xad, 0x6c}, port: 8333},
	{addr: [16]byte{0x00, 0x00, 0x00, 0x00, 0x00, 0x00, 0x00, 0x00, 0x00, 0x00, 0xff, 0xff, 0x77, 0x17, 0xad, 0x72}, port: 8333},
	{addr: [16]byte{0x00, 0x00, 0x00, 0x00, 0x00, 0x00, 0x00, 0x00, 0x00, 0x00, 0xff, 0xff, 0x77, 0x17, 0xad, 0x83}, port: 8333},
	{addr: [16]byte{0x00, 0x00, 0x00, 0x00, 0x00, 0x00, 0x00, 0x00, 0x00, 0x00, 0xff, 0xff, 0x77, 0x17, 0xad, 0x8a}, port: 8333},
	{addr: [16]byte{0x00, 0x00, 0x00, 0x00, 0x00, 0x00, 0x00, 0x00, 0x00, 0x00, 0xff, 0xff, 0x77, 0x17, 0xad, 0x9e}, port: 8333},
	{addr: [16]byte{0x00, 0x00, 0x00, 0x00, 0x00, 0x00, 0x00, 0x00, 0x00, 0x00, 0xff, 0xff, 0x77, 0x17, 0xad, 0xa1}, port: 8333},
	{addr: [16]byte{0x00, 0x00, 0x00, 0x00, 0x00, 0x00, 0x00, 0x00, 0x00, 0x00, 0xff, 0xff, 0x77, 0x17, 0xad, 0xac}, port: 8333},
	{addr: [16]byte{0x00, 0x00, 0x00, 0x00, 0x00, 0x00, 0x00, 0x00, 0x00, 0x00, 0xff, 0xff, 0x77, 0x17, 0xad, 0xb8}, port: 8333},
	{addr: [16]byte{0x00, 0x00, 0x00, 0x00, 0x00, 0x00, 0x00, 0x00, 0x00, 0x00, 0xff, 0xff, 0x77, 0x17, 0xad, 0xba}, port: 8333},
	{addr: [16]byte{0x00, 0x00, 0x00, 0x00, 0x00, 0x00, 0x00, 0x00, 0x00, 0x00, 0xff, 0xff, 0x77, 0x17, 0xad, 0xbe}, port: 8333},
	{addr: [16]byte{0x00, 0x00, 0x00, 0x00, 0x00, 0x00, 0x00, 0x00, 0x00, 0x00, 0xff, 0xff, 0x77, 0x17, 0xad, 0xc0}, port: 8333},
	{addr: [16]byte{0x00, 0x00, 0x00, 0x00, 0x00, 0x00, 0x00, 0x00, 0x00, 0x00, 0xff, 0xff, 0x77, 0x17, 0xad, 0xc5}, port: 8333},
	{addr: [16]byte{0x00, 0x00, 0x00, 0x00, 0x00, 0x00, 0x00, 0x00, 0x00, 0x00, 0xff, 0xff, 0x77, 0x17, 0xad, 0xc8}, port: 8333},
	{addr: [16]byte{0x00, 0x00, 0x00, 0x00, 0x00, 0x00, 0x00, 0x00, 0x00, 0x00, 0xff, 0xff, 0x77, 0x17, 0xad, 0xd4}, port: 8333},
	{addr: [16]byte{0x00, 0x00, 0x00, 0x00, 0x00, 0x00, 0x00, 0x00, 0x00, 0x00, 0xff, 0xff, 0x78, 0x4c, 0x1f, 0x63}, port: 8333},
	{addr: [16]byte{0x00, 0x00, 0x00, 0x00, 0x00, 0x00, 0x00, 0x00, 0x00, 0x00, 0xff, 0xff, 0x78, 0x4c, 0xc8, 0x5f}, port: 8333},
	{addr: [16]byte{0x00, 0x00, 0x00, 0x00, 0x00, 0x00, 0x00, 0x00, 0x00, 0x00, 0xff, 0xff, 0x78, 0x4c, 0xca, 0x0f}, port: 8333},
	{addr: [16]byte{0x00, 0x00, 0x00, 0x00, 0x00, 0x00, 0x00, 0x00, 0x00, 0x00, 0xff, 0xff, 0x78, 0x4c, 0xca, 0x78}, port: 8333},
	{addr: [16]byte{0x00, 0x00, 0x00, 0x00, 0x00, 0x00, 0x00, 0x00, 0x00, 0x00, 0xff, 0xff, 0x78, 0x4c, 0xcb, 0x35}, port: 8333},
	{addr: [16]byte{0x00, 0x00, 0x00, 0x00, 0x00, 0x00, 0x00, 0x00, 0x00, 0x00, 0xff, 0xff, 0x78, 0x4c, 0xcb, 0x7c}, port: 8333},
	{addr: [16]byte{0x00, 0x00, 0x00, 0x00, 0x00, 0x00, 0x00, 0x00, 0x00, 0x00, 0xff, 0xff, 0x78, 0x4c, 0xcb, 0x8b}, port: 8333},
	{addr: [16]byte{0x00, 0x00, 0x00, 0x00, 0x00, 0x00, 0x00, 0x00, 0x00, 0x00, 0xff, 0xff, 0x78, 0x4c, 0xd5, 0xef}, port: 8333},
	{addr: [16]byte{0x00, 0x00, 0x00, 0x00, 0x00, 0x00, 0x00, 0x00, 0x00, 0x00, 0xff, 0xff, 0x78, 0x4d, 0x40, 0xab}, port: 8333},
	{addr: [16]byte{0x00, 0x00, 0x00, 0x00, 0x00, 0x00, 0x00, 0x00, 0x00, 0x00, 0xff, 0xff, 0x78, 0x4d, 0x45, 0x6b}, port: 8333},
	{addr: [16]byte{0x00, 0x00, 0x00, 0x00, 0x00, 0x00, 0x00, 0x00, 0x00, 0x00, 0xff, 0xff, 0x78, 0x4d, 0x45, 0xc5}, port: 8333},
	{addr: [16]byte{0x00, 0x00, 0x00, 0x00, 0x00, 0x00, 0x00, 0x00, 0x00, 0x00, 0xff, 0xff, 0x78, 0x4d, 0x45, 0xe6}, port: 8333},
	{addr: [16]byte{0x00, 0x00, 0x00, 0x00, 0x00, 0x00, 0x00, 0x00, 0x00, 0x00, 0xff, 0xff, 0x78, 0x4d, 0xec, 0x1d}, port: 8333},
	{addr: [16]byte{0x00, 0x00, 0x00, 0x00, 0x00, 0x00, 0x00, 0x00, 0x00, 0x00, 0xff, 0xff, 0x78, 0x4d, 0xec, 0x94}, port: 8333},
	{addr: [16]byte{0x00, 0x00, 0x00, 0x00, 0x00, 0x00, 0x00, 0x00, 0x00, 0x00, 0xff, 0xff, 0x78, 0x4d, 0xec, 0xa6}, port: 8333},
	{addr: [16]byte{0x00, 0x00, 0x00, 0x00, 0x00, 0x00, 0x00, 0x00, 0x00, 0x00, 0xff, 0xff, 0x78, 0x4d, 0xec, 0xcc}, port: 8333},
	{addr: [16]byte{0x00, 0x00, 0x00, 0x00, 0x00, 0x00, 0x00, 0x00, 0x00, 0x00, 0xff, 0xff, 0x78, 0x4d, 0xec, 0xf8}, port: 8333},
	{addr: [16]byte{0x00, 0x00, 0x00, 0x00, 0x00, 0x00, 0x00, 0x00, 0x00, 0x00, 0xff, 0xff, 0x78, 0x4d, 0xed, 0x00}, port: 8333},
	{addr: [16]byte{0x00, 0x00, 0x00, 0x00, 0x00, 0x00, 0x00, 0x00, 0x00, 0x00, 0xff, 0xff, 0x78, 0x4d, 0xed, 0x92}, port: 8333},
	{addr: [16]byte{0x00, 0x00, 0x00, 0x00, 0x00, 0x00, 0x00, 0x00, 0x00, 0x00, 0xff, 0xff, 0x78, 0x4f, 0xa0, 0x4a}, port: 8444},
	{addr: [16]byte{0x00, 0x00, 0x00, 0x00, 0x00, 0x00, 0x00, 0x00, 0x00, 0x00, 0xff, 0xff, 0x7a, 0x94, 0xb3, 0x3b}, port: 8333},
	{addr: [16]byte{0x00, 0x00, 0x00, 0x00, 0x00, 0x00, 0x00, 0x00, 0x00, 0x00, 0xff, 0xff, 0x80, 0xc7, 0x77, 0x68}, port: 8333},
	{addr: [16]byte{0x00, 0x00, 0x00, 0x00, 0x00, 0x00, 0x00, 0x00, 0x00, 0x00, 0xff, 0xff, 0x80, 0xc7, 0xda, 0x65}, port: 8333},
	{addr: [16]byte{0x00, 0x00, 0x00, 0x00, 0x00, 0x00, 0x00, 0x00, 0x00, 0x00, 0xff, 0xff, 0x80, 0xc7, 0xdd, 0xc4}, port: 8333},
	{addr: [16]byte{0x00, 0x00, 0x00, 0x00, 0x00, 0x00, 0x00, 0x00, 0x00, 0x00, 0xff, 0xff, 0x80, 0xc7, 0xf1, 0xab}, port: 8333},
	{addr: [16]byte{0x00, 0x00, 0x00, 0x00, 0x00, 0x00, 0x00, 0x00, 0x00, 0x00, 0xff, 0xff, 0x8a, 0x44, 0x36, 0x64}, port: 8333},
	{addr: [16]byte{0x00, 0x00, 0x00, 0x00, 0x00, 0x00, 0x00, 0x00, 0x00, 0x00, 0xff, 0xff, 0x8a, 0x44, 0x39, 0x45}, port: 8333},
	{addr: [16]byte{0x00, 0x00, 0x00, 0x00, 0x00, 0x00, 0x00, 0x00, 0x00, 0x00, 0xff, 0xff, 0x8a, 0x44, 0x3f, 0xf6}, port: 8333},
	{addr: [16]byte{0x00, 0x00, 0x00, 0x00, 0x00, 0x00, 0x00, 0x00, 0x00, 0x00, 0xff, 0xff, 0x8a, 0x44, 0x65, 0xa6}, port: 8333},
	{addr: [16]byte{0x00, 0x00, 0x00, 0x00, 0x00, 0x00, 0x00, 0x00, 0x00, 0x00, 0xff, 0xff, 0x8a, 0x44, 0x65, 0xc3}, port: 8333},
	{addr: [16]byte{0x00, 0x00, 0x00, 0x00, 0x00, 0x00, 0x00, 0x00, 0x00, 0x00, 0xff, 0xff, 0x8a, 0x44, 0x6f, 0x36}, port: 8333},
	{addr: [16]byte{0x00, 0x00, 0x00, 0x00, 0x00, 0x00, 0x00, 0x00, 0x00, 0x00, 0xff, 0xff, 0x8a, 0x44, 0xfa, 0xe8}, port: 8333},
	{addr: [16]byte{0x00, 0x00, 0x00, 0x00, 0x00, 0x00, 0x00, 0x00, 0x00, 0x00, 0xff, 0xff, 0x8a, 0xc5, 0x12, 0x1d}, port: 8333},
	{addr: [16]byte{0x00, 0x00, 0x00, 0x00, 0x00, 0x00, 0x00, 0x00, 0x00, 0x00, 0xff, 0xff, 0x8a, 0xc5, 0x8c, 0x54}, port: 8333},
	{addr: [16]byte{0x00, 0x00, 0x00, 0x00, 0x00, 0x00, 0x00, 0x00, 0x00, 0x00, 0xff, 0xff, 0x8a, 0xc5, 0x91, 0x66}, port: 8333},
	{addr: [16]byte{0x00, 0x00, 0x00, 0x00, 0x00, 0x00, 0x00, 0x00, 0x00, 0x00, 0xff, 0xff, 0x8a, 0xc5, 0x94, 0xaa}, port: 8333},
	{addr: [16]byte{0x00, 0x00, 0x00, 0x00, 0x00, 0x00, 0x00, 0x00, 0x00, 0x00, 0xff, 0xff, 0x8a, 0xc5, 0x95, 0x4b}, port: 8333},
	{addr: [16]byte{0x00, 0x00, 0x00, 0x00, 0x00, 0x00, 0x00, 0x00, 0x00, 0x00, 0xff, 0xff, 0x8a, 0xc5, 0x98, 0x4e}, port: 8333},
	{addr: [16]byte{0x00, 0x00, 0x00, 0x00, 0x00, 0x00, 0x00, 0x00, 0x00, 0x00, 0xff, 0xff, 0x8a, 0xc5, 0x9a, 0xc3}, port: 8333},
	{addr: [16]byte{0x00, 0x00, 0x00, 0x00, 0x00, 0x00, 0x00, 0x00, 0x00, 0x00, 0xff, 0xff, 0x8a, 0xc5, 0x9f, 0xbc}, port: 8333},
	{addr: [16]byte{0x00, 0x00, 0x00, 0x00, 0x00, 0x00, 0x00, 0x00, 0x00, 0x00, 0xff, 0xff, 0x8a, 0xc5, 0xa0, 0x90}, port: 8333},
	{addr: [16]byte{0x00, 0x00, 0x00, 0x00, 0x00, 0x00, 0x00, 0x00, 0x00, 0x00, 0xff, 0xff, 0x8a, 0xc5, 0xc0, 0x7e}, port: 8333},
	{addr: [16]byte{0x00, 0x00, 0x00, 0x00, 0x00, 0x00, 0x00, 0x00, 0x00, 0x00, 0xff, 0xff, 0x8a, 0xc5, 0xc1, 0x9a}, port: 8333},
	{addr: [16]byte{0x00, 0x00, 0x00, 0x00, 0x00, 0x00, 0x00, 0x00, 0x00, 0x00, 0xff, 0xff, 0x8a, 0xc5, 0xca, 0x59}, port: 8333},
	{addr: [16]byte{0x00, 0x00, 0x00, 0x00, 0x00, 0x00, 0x00, 0x00, 0x00, 0x00, 0xff, 0xff, 0x8a, 0xc5, 0xcc, 0x94}, port: 8333},
	{addr: [16]byte{0x00, 0x00, 0x00, 0x00, 0x00, 0x00, 0x00, 0x00, 0x00, 0x00, 0xff, 0xff, 0x8a, 0xc5, 0xd1, 0xba}, port: 8333},
	{addr: [16]byte{0x00, 0x00, 0x00, 0x00, 0x00, 0x00, 0x00, 0x00, 0x00, 0x00, 0xff, 0xff, 0x8b, 0x3b, 0x03, 0x2d}, port: 8333},
	{addr: [16]byte{0x00, 0x00, 0x00, 0x00, 0x00, 0x00, 0x00, 0x00, 0x00, 0x00, 0xff, 0xff, 0x8b, 0x3b, 0x19, 0x17}, port: 8333},
	{addr: [16]byte{0x00, 0x00, 0x00, 0x00, 0x00, 0x00, 0x00, 0x00, 0x00, 0x00, 0xff, 0xff, 0x8b, 0x3b, 0x1a, 0xa9}, port: 8333},
	{addr: [16]byte{0x00, 0x00, 0x00, 0x00, 0x00, 0x00, 0x00, 0x00, 0x00, 0x00, 0xff, 0xff, 0x8b, 0x3b, 0x38, 0xc3}, port: 8333},
	{addr: [16]byte{0x00, 0x00, 0x00, 0x00, 0x00, 0x00, 0x00, 0x00, 0x00, 0x00, 0xff, 0xff, 0x8b, 0x3b, 0x3e, 0x9e}, port: 8333},
	{addr: [16]byte{0x00, 0x00, 0x00, 0x00, 0x00, 0x00, 0x00, 0x00, 0x00, 0x00, 0xff, 0xff, 0x8b, 0x3b, 0x60, 0x58}, port: 8333},
	{addr: [16]byte{0x00, 0x00, 0x00, 0x00, 0x00, 0x00, 0x00, 0x00, 0x00, 0x00, 0xff, 0xff, 0x8b, 0x3b, 0x63, 0xa4}, port: 8333},
	{addr: [16]byte{0x00, 0x00, 0x00, 0x00, 0x00, 0x00, 0x00, 0x00, 0x00, 0x00, 0xff, 0xff, 0x8b, 0x3b, 0x64, 0x8f}, port: 8333},
	{addr: [16]byte{0x00, 0x00, 0x00, 0x00, 0x00, 0x00, 0x00, 0x00, 0x00, 0x00, 0xff, 0xff, 0x8b, 0x3b, 0xe5, 0x0c}, port: 8333},
	{addr: [16]byte{0x00, 0x00, 0x00, 0x00, 0x00, 0x00, 0x00, 0x00, 0x00, 0x00, 0xff, 0xff, 0x8b, 0x3b, 0xf4, 0xcf}, port: 8333},
	{addr: [16]byte{0x00, 0x00, 0x00, 0x00, 0x00, 0x00, 0x00, 0x00, 0x00, 0x00, 0xff, 0xff, 0x8b, 0xa2, 0x15, 0x25}, port: 8333},
	{addr: [16]byte{0x00, 0x00, 0x00, 0x00, 0x00, 0x00, 0x00, 0x00, 0x00, 0x00, 0xff, 0xff, 0x8b, 0xa2, 0x15, 0x50}, port: 8333},
	{addr: [16]byte{0x00, 0x00, 0x00, 0x00, 0x00, 0x00, 0x00, 0x00, 0x00, 0x00, 0xff, 0xff, 0x8b, 0xa2, 0x2d, 0x21}, port: 8333},
	{addr: [16]byte{0x00, 0x00, 0x00, 0x00, 0x00, 0x00, 0x00, 0x00, 0x00, 0x00, 0xff, 0xff, 0x8b, 0xa2, 0x30, 0xf1}, port: 8333},
	{addr: [16]byte{0x00, 0x00, 0x00, 0x00, 0x00, 0x00, 0x00, 0x00, 0x00, 0x00, 0xff, 0xff, 0x8b, 0xa2, 0x3e, 0xa4}, port: 8333},
	{addr: [16]byte{0x00, 0x00, 0x00, 0x00, 0x00, 0x00, 0x00, 0x00, 0x00, 0x00, 0xff, 0xff, 0x8b, 0xa2, 0x76, 0x44}, port: 8333},
	{addr: [16]byte{0x00, 0x00, 0x00, 0x00, 0x00, 0x00, 0x00, 0x00, 0x00, 0x00, 0xff, 0xff, 0x8b, 0xa2, 0x78, 0xc9}, port: 8333},
	{addr: [16]byte{0x00, 0x00, 0x00, 0x00, 0x00, 0x00, 0x00, 0x00, 0x00, 0x00, 0xff, 0xff, 0x8b, 0xa2, 0x8a, 0x6f}, port: 8333},
	{addr: [16]byte{0x00, 0x00, 0x00, 0x00, 0x00, 0x00, 0x00, 0x00, 0x00, 0x00, 0xff, 0xff, 0x8b, 0xa2, 0xac, 0xe0}, port: 8333},
	{addr: [16]byte{0x00, 0x00, 0x00, 0x00, 0x00, 0x00, 0x00, 0x00, 0x00, 0x00, 0xff, 0xff, 0x8b, 0xa2, 0xb4, 0x18}, port: 8333},
	{addr: [16]byte{0x00, 0x00, 0x00, 0x00, 0x00, 0x00, 0x00, 0x00, 0x00, 0x00, 0xff, 0xff, 0x8b, 0xa2, 0xcf, 0x41}, port: 8333},
	{addr: [16]byte{0x00, 0x00, 0x00, 0x00, 0x00, 0x00, 0x00, 0x00, 0x00, 0x00, 0xff, 0xff, 0x8b, 0xa2, 0xd9, 0xca}, port: 8333},
	{addr: [16]byte{0x00, 0x00, 0x00, 0x00, 0x00, 0x00, 0x00, 0x00, 0x00, 0x00, 0xff, 0xff, 0x8b, 0xa2, 0xfc, 0x3e}, port: 8333},
	{addr: [16]byte{0x00, 0x00, 0x00, 0x00, 0x00, 0x00, 0x00, 0x00, 0x00, 0x00, 0xff, 0xff, 0x8b, 0xa2, 0xfd, 0xd5}, port: 8333},
	{addr: [16]byte{0x00, 0x00, 0x00, 0x00, 0x00, 0x00, 0x00, 0x00, 0x00, 0x00, 0xff, 0xff, 0x8b, 0xc4, 0x6a, 0x76}, port: 8333},
	{addr: [16]byte{0x00, 0x00, 0x00, 0x00, 0x00, 0x00, 0x00, 0x00, 0x00, 0x00, 0xff, 0xff, 0x8b, 0xc4, 0xbd, 0x2f}, port: 8333},
	{addr: [16]byte{0x00, 0x00, 0x00, 0x00, 0x00, 0x00, 0x00, 0x00, 0x00, 0x00, 0xff, 0xff, 0x90, 0x4c, 0x27, 0xe9}, port: 8335},
	{addr: [16]byte{0x00, 0x00, 0x00, 0x00, 0x00, 0x00, 0x00, 0x00, 0x00, 0x00, 0xff, 0xff, 0x90, 0xd9, 0x49, 0x56}, port: 8333},
	{addr: [16]byte{0x00, 0x00, 0x00, 0x00, 0x00, 0x00, 0x00, 0x00, 0x00, 0x00, 0xff, 0xff, 0x95, 0x38, 0x4f, 0x46}, port: 8333},
	{addr: [16]byte{0x00, 0x00, 0x00, 0x00, 0x00, 0x00, 0x00, 0x00, 0x00, 0x00, 0xff, 0xff, 0x97, 0x50, 0x6d, 0xca}, port: 18334},
	{addr: [16]byte{0x00, 0x00, 0x00, 0x00, 0x00, 0x00, 0x00, 0x00, 0x00, 0x00, 0xff, 0xff, 0x9e, 0x45, 0x66, 0xe8}, port: 8333},
	{addr: [16]byte{0x00, 0x00, 0x00, 0x00, 0x00, 0x00, 0x00, 0x00, 0x00, 0x00, 0xff, 0xff, 0x9e, 0x45, 0x66, 0xee}, port: 8333},
	{addr: [16]byte{0x00, 0x00, 0x00, 0x00, 0x00, 0x00, 0x00, 0x00, 0x00, 0x00, 0xff, 0xff, 0x9f, 0x41, 0x00, 0x0e}, port: 8333},
	{addr: [16]byte{0x00, 0x00, 0x00, 0x00, 0x00, 0x00, 0x00, 0x00, 0x00, 0x00, 0xff, 0xff, 0x9f, 0xcb, 0x3c, 0x08}, port: 8333},
	{addr: [16]byte{0x00, 0x00, 0x00, 0x00, 0x00, 0x00, 0x00, 0x00, 0x00, 0x00, 0xff, 0xff, 0x9f, 0xcb, 0x45, 0x95}, port: 8333},
	{addr: [16]byte{0x00, 0x00, 0x00, 0x00, 0x00, 0x00, 0x00, 0x00, 0x00, 0x00, 0xff, 0xff, 0x9f, 0xcb, 0x78, 0xad}, port: 8333},
	{addr: [16]byte{0x00, 0x00, 0x00, 0x00, 0x00, 0x00, 0x00, 0x00, 0x00, 0x00, 0xff, 0xff, 0x9f, 0xcb, 0xb9, 0xf7}, port: 8333},
	{addr: [16]byte{0x00, 0x00, 0x00, 0x00, 0x00, 0x00, 0x00, 0x00, 0x00, 0x00, 0xff, 0xff, 0xa2, 0xdc, 0x2f, 0x96}, port: 8333},
	{addr: [16]byte{0x00, 0x00, 0x00, 0x00, 0x00, 0x00, 0x00, 0x00, 0x00, 0x00, 0xff, 0xff, 0xa2, 0xf3, 0xa0, 0xfa}, port: 8333},
	{addr: [16]byte{0x00, 0x00, 0x00, 0x00, 0x00, 0x00, 0x00, 0x00, 0x00, 0x00, 0xff, 0xff, 0xa5, 0xe3, 0x0f, 0x23}, port: 8333},
	{addr: [16]byte{0x00, 0x00, 0x00, 0x00, 0x00, 0x00, 0x00, 0x00, 0x00, 0x00, 0xff, 0xff, 0xa5, 0xe3, 0xca, 0xc1}, port: 8333},
	{addr: [16]byte{0x00, 0x00, 0x00, 0x00, 0x00, 0x00, 0x00, 0x00, 0x00, 0x00, 0xff, 0xff, 0xac, 0x60, 0xa1, 0xf5}, port: 8333},
	{addr: [16]byte{0x00, 0x00, 0x00, 0x00, 0x00, 0x00, 0x00, 0x00, 0x00, 0x00, 0xff, 0xff, 0xac, 0x68, 0x29, 0x2b}, port: 8333},
	{addr: [16]byte{0x00, 0x00, 0x00, 0x00, 0x00, 0x00, 0x00, 0x00, 0x00, 0x00, 0xff, 0xff, 0xac, 0x68, 0x2d, 0x49}, port: 8333},
	{addr: [16]byte{0x00, 0x00, 0x00, 0x00, 0x00, 0x00, 0x00, 0x00, 0x00, 0x00, 0xff, 0xff, 0xac, 0x68, 0x3b, 0x16}, port: 8333},
	{addr: [16]byte{0x00, 0x00, 0x00, 0x00, 0x00, 0x00, 0x00, 0x00, 0x00, 0x00, 0xff, 0xff, 0xac, 0x68, 0x48, 0x31}, port: 8333},
	{addr: [16]byte{0x00, 0x00, 0x00, 0x00, 0x00, 0x00, 0x00, 0x00, 0x00, 0x00, 0xff, 0xff, 0xac, 0x68, 0x6d, 0x7a}, port: 8333},
	{addr: [16]byte{0x00, 0x00, 0x00, 0x00, 0x00, 0x00, 0x00, 0x00, 0x00, 0x00, 0xff, 0xff, 0xac, 0x68, 0x6d, 0x9a}, port: 8333},
	{addr: [16]byte{0x00, 0x00, 0x00, 0x00, 0x00, 0x00, 0x00, 0x00, 0x00, 0x00, 0xff, 0xff, 0xac, 0x68, 0x78, 0x7f}, port: 8333},
	{addr: [16]byte{0x00, 0x00, 0x00, 0x00, 0x00, 0x00, 0x00, 0x00, 0x00, 0x00, 0xff, 0xff, 0xac, 0x68, 0x7b, 0x95}, port: 8333},
	{addr: [16]byte{0x00, 0x00, 0x00, 0x00, 0x00, 0x00, 0x00, 0x00, 0x00, 0x00, 0xff, 0xff, 0xac, 0x68, 0x86, 0x9a}, port: 8333},
	{addr: [16]byte{0x00, 0x00, 0x00, 0x00, 0x00, 0x00, 0x00, 0x00, 0x00, 0x00, 0xff, 0xff, 0xac, 0x68, 0x87, 0x36}, port: 8333},
	{addr: [16]byte{0x00, 0x00, 0x00, 0x00, 0x00, 0x00, 0x00, 0x00, 0x00, 0x00, 0xff, 0xff, 0xac, 0x68, 0x8a, 0x6e}, port: 8333},
	{addr: [16]byte{0x00, 0x00, 0x00, 0x00, 0x00, 0x00, 0x00, 0x00, 0x00, 0x00, 0xff, 0xff, 0xac, 0x68, 0x92, 0x90}, port: 8333},
	{addr: [16]byte{0x00, 0x00, 0x00, 0x00, 0x00, 0x00, 0x00, 0x00, 0x00, 0x00, 0xff, 0xff, 0xac, 0x68, 0x95, 0xab}, port: 8333},
	{addr: [16]byte{0x00, 0x00, 0x00, 0x00, 0x00, 0x00, 0x00, 0x00, 0x00, 0x00, 0xff, 0xff, 0xac, 0x68, 0x97, 0x42}, port: 8333},
	{addr: [16]byte{0x00, 0x00, 0x00, 0x00, 0x00, 0x00, 0x00, 0x00, 0x00, 0x00, 0xff, 0xff, 0xac, 0x68, 0x9d, 0x5b}, port: 8333},
	{addr: [16]byte{0x00, 0x00, 0x00, 0x00, 0x00, 0x00, 0x00, 0x00, 0x00, 0x00, 0xff, 0xff, 0xac, 0x68, 0x9d, 0xad}, port: 8333},
	{addr: [16]byte{0x00, 0x00, 0x00, 0x00, 0x00, 0x00, 0x00, 0x00, 0x00, 0x00, 0xff, 0xff, 0xad, 0xd4, 0xc1, 0x0b}, port: 8333},
	{addr: [16]byte{0x00, 0x00, 0x00, 0x00, 0x00, 0x00, 0x00, 0x00, 0x00, 0x00, 0xff, 0xff, 0xad, 0xd4, 0xf8, 0xa5}, port: 8333},
	{addr: [16]byte{0x00, 0x00, 0x00, 0x00, 0x00, 0x00, 0x00, 0x00, 0x00, 0x00, 0xff, 0xff, 0xad, 0xe0, 0xf0, 0x26}, port: 8333},
	{addr: [16]byte{0x00, 0x00, 0x00, 0x00, 0x00, 0x00, 0x00, 0x00, 0x00, 0x00, 0xff, 0xff, 0xad, 0xe0, 0xf0, 0x2d}, port: 8333},
	{addr: [16]byte{0x00, 0x00, 0x00, 0x00, 0x00, 0x00, 0x00, 0x00, 0x00, 0x00, 0xff, 0xff, 0xad, 0xe0, 0xf1, 0x02}, port: 8333},
	{addr: [16]byte{0x00, 0x00, 0x00, 0x00, 0x00, 0x00, 0x00, 0x00, 0x00, 0x00, 0xff, 0xff, 0xad, 0xe6, 0x86, 0xcd}, port: 8333},
	{addr: [16]byte{0x00, 0x00, 0x00, 0x00, 0x00, 0x00, 0x00, 0x00, 0x00, 0x00, 0xff, 0xff, 0xad, 0xff, 0xfc, 0x6e}, port: 8333},
	{addr: [16]byte{0x00, 0x00, 0x00, 0x00, 0x00, 0x00, 0x00, 0x00, 0x00, 0x00, 0xff, 0xff, 0xae, 0x8a, 0x37, 0x6a}, port: 8333},
	{addr: [16]byte{0x00, 0x00, 0x00, 0x00, 0x00, 0x00, 0x00, 0x00, 0x00, 0x00, 0xff, 0xff, 0xae, 0x8a, 0x3d, 0x58}, port: 8333},
	{addr: [16]byte{0x00, 0x00, 0x00, 0x00, 0x00, 0x00, 0x00, 0x00, 0x00, 0x00, 0xff, 0xff, 0xaf, 0xd1, 0xda, 0x4f}, port: 8333},
	{addr: [16]byte{0x00, 0x00, 0x00, 0x00, 0x00, 0x00, 0x00, 0x00, 0x00, 0x00, 0xff, 0xff, 0xb0, 0x18, 0xcb, 0xc4}, port: 8334},
	{addr: [16]byte{0x00, 0x00, 0x00, 0x00, 0x00, 0x00, 0x00, 0x00, 0x00, 0x00, 0xff, 0xff, 0xb0, 0x25, 0x10, 0x76}, port: 8333},
	{addr: [16]byte{0x00, 0x00, 0x00, 0x00, 0x00, 0x00, 0x00, 0x00, 0x00, 0x00, 0xff, 0xff, 0xb0, 0x3a, 0x72, 0xeb}, port: 8333},
	{addr: [16]byte{0x00, 0x00, 0x00, 0x00, 0x00, 0x00, 0x00, 0x00, 0x00, 0x00, 0xff, 0xff, 0xb2, 0x20, 0xd9, 0x84}, port: 14350},
	{addr: [16]byte{0x00, 0x00, 0x00, 0x00, 0x00, 0x00, 0x00, 0x00, 0x00, 0x00, 0xff, 0xff, 0xb2, 0x3e, 0x0f, 0x6b}, port: 8333},
	{addr: [16]byte{0x00, 0x00, 0x00, 0x00, 0x00, 0x00, 0x00, 0x00, 0x00, 0x00, 0xff, 0xff, 0xb2, 0x3e, 0x22, 0x49}, port: 8333},
	{addr: [16]byte{0x00, 0x00, 0x00, 0x00, 0x00, 0x00, 0x00, 0x00, 0x00, 0x00, 0xff, 0xff, 0xb2, 0x3e, 0x7a, 0xf5}, port: 8333},
	{addr: [16]byte{0x00, 0x00, 0x00, 0x00, 0x00, 0x00, 0x00, 0x00, 0x00, 0x00, 0xff, 0xff, 0xb4, 0xb5, 0xd0, 0x2a}, port: 8334},
	{addr: [16]byte{0x00, 0x00, 0x00, 0x00, 0x00, 0x00, 0x00, 0x00, 0x00, 0x00, 0xff, 0xff, 0xb7, 0x6f, 0xcd, 0x51}, port: 8333},
	{addr: [16]byte{0x00, 0x00, 0x00, 0x00, 0x00, 0x00, 0x00, 0x00, 0x00, 0x00, 0xff, 0xff, 0xb8, 0x46, 0xd8, 0x66}, port: 8333},
	{addr: [16]byte{0x00, 0x00, 0x00, 0x00, 0x00, 0x00, 0x00, 0x00, 0x00, 0x00, 0xff, 0xff, 0xb8, 0x49, 0x80, 0xfe}, port: 8333},
	{addr: [16]byte{0x00, 0x00, 0x00, 0x00, 0x00, 0x00, 0x00, 0x00, 0x00, 0x00, 0xff, 0xff, 0xb9, 0x5c, 0xdd, 0xa2}, port: 8333},
	{addr: [16]byte{0x00, 0x00, 0x00, 0x00, 0x00, 0x00, 0x00, 0x00, 0x00, 0x00, 0xff, 0xff, 0xb9, 0xca, 0xa3, 0x44}, port: 8333},
	{addr: [16]byte{0x00, 0x00, 0x00, 0x00, 0x00, 0x00, 0x00, 0x00, 0x00, 0x00, 0xff, 0xff, 0xbc, 0xc0, 0xb4, 0x78}, port: 8333},
	{addr: [16]byte{0x00, 0x00, 0x00, 0x00, 0x00, 0x00, 0x00, 0x00, 0x00, 0x00, 0xff, 0xff, 0xbc, 0xd6, 0x82, 0x1d}, port: 8333},
	{addr: [16]byte{0x00, 0x00, 0x00, 0x00, 0x00, 0x00, 0x00, 0x00, 0x00, 0x00, 0xff, 0xff, 0xbc, 0xe2, 0x8b, 0x71}, port: 8333},
	{addr: [16]byte{0x00, 0x00, 0x00, 0x00, 0x00, 0x00, 0x00, 0x00, 0x00, 0x00, 0xff, 0xff, 0xbc, 0xe2, 0x9d, 0xb9}, port: 8333},
	{addr: [16]byte{0x00, 0x00, 0x00, 0x00, 0x00, 0x00, 0x00, 0x00, 0x00, 0x00, 0xff, 0xff, 0xbc, 0xe2, 0xa2, 0x34}, port: 8333},
	{addr: [16]byte{0x00, 0x00, 0x00, 0x00, 0x00, 0x00, 0x00, 0x00, 0x00, 0x00, 0xff, 0xff, 0xbc, 0xe2, 0xa3, 0xca}, port: 8333},
	{addr: [16]byte{0x00, 0x00, 0x00, 0x00, 0x00, 0x00, 0x00, 0x00, 0x00, 0x00, 0xff, 0xff, 0xbe, 0x02, 0x82, 0x1b}, port: 8333},
	{addr: [16]byte{0x00, 0x00, 0x00, 0x00, 0x00, 0x00, 0x00, 0x00, 0x00, 0x00, 0xff, 0xff, 0xc0, 0xf1, 0xc1, 0xb9}, port: 8333},
	{addr: [16]byte{0x00, 0x00, 0x00, 0x00, 0x00, 0x00, 0x00, 0x00, 0x00, 0x00, 0xff, 0xff, 0xc1, 0x1d, 0xbb, 0x4e}, port: 8333},
	{addr: [16]byte{0x00, 0x00, 0x00, 0x00, 0x00, 0x00, 0x00, 0x00, 0x00, 0x00, 0xff, 0xff, 0xc1, 0xa9, 0xf4, 0x79}, port: 9903},
	{addr: [16]byte{0x00, 0x00, 0x00, 0x00, 0x00, 0x00, 0x00, 0x00, 0x00, 0x00, 0xff, 0xff, 0xc3, 0x9a, 0xa8, 0x81}, port: 8333},
	{addr: [16]byte{0x00, 0x00, 0x00, 0x00, 0x00, 0x00, 0x00, 0x00, 0x00, 0x00, 0xff, 0xff, 0xc3, 0xf2, 0x5d, 0xbd}, port: 8888},
	{addr: [16]byte{0x00, 0x00, 0x00, 0x00, 0x00, 0x00, 0x00, 0x00, 0x00, 0x00, 0xff, 0xff, 0xc6, 0x1b, 0x44, 0x56}, port: 8333},
	{addr: [16]byte{0x00, 0x00, 0x00, 0x00, 0x00, 0x00, 0x00, 0x00, 0x00, 0x00, 0xff, 0xff, 0xc6, 0x1b, 0xbc, 0xf8}, port: 8333},
	{addr: [16]byte{0x00, 0x00, 0x00, 0x00, 0x00, 0x00, 0x00, 0x00, 0x00, 0x00, 0xff, 0xff, 0xc6, 0x2f, 0x2f, 0x12}, port: 8333},
	{addr: [16]byte{0x00, 0x00, 0x00, 0x00, 0x00, 0x00, 0x00, 0x00, 0x00, 0x00, 0xff, 0xff, 0xc6, 0x30, 0x95, 0x71}, port: 8333},
	{addr: [16]byte{0x00, 0x00, 0x00, 0x00, 0x00, 0x00, 0x00, 0x00, 0x00, 0x00, 0xff, 0xff, 0xc6, 0x3a, 0x7d, 0xcb}, port: 8333},
	{addr: [16]byte{0x00, 0x00, 0x00, 0x00, 0x00, 0x00, 0x00, 0x00, 0x00, 0x00, 0xff, 0xff, 0xc6, 0xc7, 0x56, 0xa5}, port: 8333},
	{addr: [16]byte{0x00, 0x00, 0x00, 0x00, 0x00, 0x00, 0x00, 0x00, 0x00, 0x00, 0xff, 0xff, 0xc6, 0xc7, 0x5c, 0x4f}, port: 8333},
	{addr: [16]byte{0x00, 0x00, 0x00, 0x00, 0x00, 0x00, 0x00, 0x00, 0x00, 0x00, 0xff, 0xff, 0xc7, 0x65, 0x64, 0x3a}, port: 8333},
	{addr: [16]byte{0x00, 0x00, 0x00, 0x00, 0x00, 0x00, 0x00, 0x00, 0x00, 0x00, 0xff, 0xff, 0xc7, 0x65, 0x64, 0x3b}, port: 8333},
	{addr: [16]byte{0x00, 0x00, 0x00, 0x00, 0x00, 0x00, 0x00, 0x00, 0x00, 0x00, 0xff, 0xff, 0xcf, 0x9a, 0xd8, 0x5a}, port: 8333},
	{addr: [16]byte{0x00, 0x00, 0x00, 0x00, 0x00, 0x00, 0x00, 0x00, 0x00, 0x00, 0xff, 0xff, 0xcf, 0x9a, 0xf3, 0x9f}, port: 8333},
	{addr: [16]byte{0x00, 0x00, 0x00, 0x00, 0x00, 0x00, 0x00, 0x00, 0x00, 0x00, 0xff, 0xff, 0xd0, 0xa7, 0xf2, 0xed}, port: 8333},
	{addr: [16]byte{0x00, 0x00, 0x00, 0x00, 0x00, 0x00, 0x00, 0x00, 0x00, 0x00, 0xff, 0xff, 0xd0, 0xa7, 0xf8, 0xce}, port: 8333},
	{addr: [16]byte{0x00, 0x00, 0x00, 0x00, 0x00, 0x00, 0x00, 0x00, 0x00, 0x00, 0xff, 0xff, 0xd1, 0xde, 0x0a, 0xb6}, port: 8333},
	{addr: [16]byte{0x00, 0x00, 0x00, 0x00, 0x00, 0x00, 0x00, 0x00, 0x00, 0x00, 0xff, 0xff, 0xd2, 0xc3, 0xf5, 0x2b}, port: 8333},
	{addr: [16]byte{0x00, 0x00, 0x00, 0x00, 0x00, 0x00, 0x00, 0x00, 0x00, 0x00, 0xff, 0xff, 0xd4, 0x20, 0xe6, 0xdb}, port: 8333},
	{addr: [16]byte{0x00, 0x00, 0x00, 0x00, 0x00, 0x00, 0x00, 0x00, 0x00, 0x00, 0xff, 0xff, 0xd4, 0x75, 0xd6, 0x66}, port: 8333},
	{addr: [16]byte{0x00, 0x00, 0x00, 0x00, 0x00, 0x00, 0x00, 0x00, 0x00, 0x00, 0xff, 0xff, 0xd5, 0x71, 0xc1, 0x21}, port: 8333},
	{addr: [16]byte{0x00, 0x00, 0x00, 0x00, 0x00, 0x00, 0x00, 0x00, 0x00, 0x00, 0xff, 0xff, 0xd8, 0xda, 0xeb, 0x5d}, port: 8333},
	{addr: [16]byte{0x00, 0x00, 0x00, 0x00, 0x00, 0x00, 0x00, 0x00, 0x00, 0x00, 0xff, 0xff, 0xd9, 0x17, 0x07, 0x60}, port: 8333},
	{addr: [16]byte{0x00, 0x00, 0x00, 0x00, 0x00, 0x00, 0x00, 0x00, 0x00, 0x00, 0xff, 0xff, 0xd9, 0xb6, 0xc7, 0x15}, port: 8333},
	{addr: [16]byte{0x00, 0x00, 0x00, 0x00, 0x00, 0x00, 0x00, 0x00, 0x00, 0x00, 0xff, 0xff, 0xde, 0xef, 0xc1, 0x79}, port: 8333},
}

var fixedSeedsTest = [...]seedSpec6{
	{addr: [16]byte{0x00, 0x00, 0x00, 0x00, 0x00, 0x00, 0x00, 0x00, 0x00, 0x00, 0xff, 0xff, 0x23, 0xb8, 0x23, 0x01}, port: 18333},
	{addr: [16]byte{0x00, 0x00, 0x00, 0x00, 0x00, 0x00, 0x00, 0x00, 0x00, 0x00, 0xff, 0xff, 0x23, 0xb8, 0x98, 0xad}, port: 18333},
	{addr: [16]byte{0x00, 0x00, 0x00, 0x00, 0x00, 0x00, 0x00, 0x00, 0x00, 0x00, 0xff, 0xff, 0x2d, 0x21, 0x02, 0x26}, port: 18333},
	{addr: [16]byte{0x00, 0x00, 0x00, 0x00, 0x00, 0x00, 0x00, 0x00, 0x00, 0x00, 0xff, 0xff, 0x2e, 0x65, 0xd1, 0xf2}, port: 18444},
	{addr: [16]byte{0x00, 0x00, 0x00, 0x00, 0x00, 0x00, 0x00, 0x00, 0x00, 0x00, 0xff, 0xff, 0x32, 0x03, 0xe9, 0x14}, port: 18333},
	{addr: [16]byte{0x00, 0x00, 0x00, 0x00, 0x00, 0x00, 0x00, 0x00, 0x00, 0x00, 0xff, 0xff, 0x58, 0xc6, 0x24, 0xe8}, port: 18333},
	{addr: [16]byte{0x00, 0x00, 0x00, 0x00, 0x00, 0x00, 0x00, 0x00, 0x00, 0x00, 0xff, 0xff, 0x5d, 0x5f, 0x64, 0x99}, port: 18333},
	{addr: [16]byte{0x00, 0x00, 0x00, 0x00, 0x00, 0x00, 0x00, 0x00, 0x00, 0x00, 0xff, 0xff, 0x62, 0x73, 0xfb, 0xd6}, port: 18333},
	{addr: [16]byte{0x00, 0x00, 0x00, 0x00, 0x00, 0x00, 0x00, 0x00, 0x00, 0x00, 0xff, 0xff, 0x68, 0x9a, 0x1b, 0x6a}, port: 18333},
	{addr: [16]byte{0x00, 0x00, 0x00, 0x00, 0x00, 0x00, 0x00, 0x00, 0x00, 0x00, 0xff, 0xff, 0x78, 0x4f, 0x9e, 0x92}, port: 18333},
	{addr: [16]byte{0x00, 0x00, 0x00, 0x00, 0x00, 0x00, 0x00, 0x00, 0x00, 0x00, 0xff, 0xff, 0x8a, 0x44, 0xe7, 0x7a}, port: 18333},
	{addr: [16]byte{0x00, 0x00, 0x00, 0x00, 0x00, 0x00, 0x00, 0x00, 0x00, 0x00, 0xff, 0xff, 0x90, 0xd9, 0x49, 0x56}, port: 18333},
	{addr: [16]byte{0x00, 0x00, 0x00, 0x00, 0x00, 0x00, 0x00, 0x00, 0x00, 0x00, 0xff, 0xff, 0x9f, 0x41, 0x3c, 0x36}, port: 19100},
	{addr: [16]byte{0x00, 0x00, 0x00, 0x00, 0x00, 0x00, 0x00, 0x00, 0x00, 0x00, 0xff, 0xff, 0x9f, 0x41, 0xa3, 0x0f}, port: 18333},
	{addr: [16]byte{0x00, 0x00, 0x00, 0x00, 0x00, 0x00, 0x00, 0x00, 0x00, 0x00, 0xff, 0xff, 0xb0, 0x09, 0x9a, 0x6e}, port: 18333},
	{addr: [16]byte{0x00, 0x00, 0x00, 0x00, 0x00, 0x00, 0x00, 0x00, 0x00, 0x00, 0xff, 0xff, 0xb0, 0x18, 0xcb, 0xc4}, port: 28333},
	{addr: [16]byte{0x00, 0x00, 0x00, 0x00, 0x00, 0x00, 0x00, 0x00, 0x00, 0x00, 0xff, 0xff, 0xc3, 0x9a, 0xb1, 0x31}, port: 18333},
}
